,Quaternion.w,Quaternion.x,Quaternion.y,Quaternion.z,Translation.x,Translation.y,Translation.z,object_name,actions,label
0,0.99108002014165,-0.09206772082807099,0.088908845735825,0.037136849724687004,29.1189531311026,139.415219746906,29.1189531311026,bottle,Pick_Serve,valid
1,0.99108002014165,-0.09206772082807099,0.088908845735825,0.037136849724687004,29.1189531311026,139.415219746906,29.1189531311026,bottle,Pick_Clean,valid
2,0.99108002014165,-0.09206772082807099,0.088908845735825,0.037136849724687004,29.1189531311026,139.415219746906,29.1189531311026,bottle,Pour,invalid
3,0.99108002014165,-0.09206772082807099,0.088908845735825,0.037136849724687004,29.1189531311026,139.415219746906,29.1189531311026,bottle,Push,valid
4,0.99108002014165,-0.09206772082807099,0.088908845735825,0.037136849724687004,29.1189531311026,139.415219746906,29.1189531311026,bottle,Pull,valid
5,0.934581667718898,-0.275052792360852,-0.224352767166079,-0.023851701054282002,-77.84572725882309,218.933737863554,-77.84572725882309,bottle,Pick_Serve,valid
6,0.934581667718898,-0.275052792360852,-0.224352767166079,-0.023851701054282002,-77.84572725882309,218.933737863554,-77.84572725882309,bottle,Pick_Clean,valid
7,0.934581667718898,-0.275052792360852,-0.224352767166079,-0.023851701054282002,-77.84572725882309,218.933737863554,-77.84572725882309,bottle,Pour,invalid
8,0.934581667718898,-0.275052792360852,-0.224352767166079,-0.023851701054282002,-77.84572725882309,218.933737863554,-77.84572725882309,bottle,Push,valid
9,0.934581667718898,-0.275052792360852,-0.224352767166079,-0.023851701054282002,-77.84572725882309,218.933737863554,-77.84572725882309,bottle,Pull,valid
10,0.830244190700838,0.270817925272111,-0.463069447245391,0.15138996725895099,-132.35364231628,8.53078413732749,-132.35364231628,bottle,Pick_Serve,valid
11,0.830244190700838,0.270817925272111,-0.463069447245391,0.15138996725895099,-132.35364231628,8.53078413732749,-132.35364231628,bottle,Pick_Clean,valid
12,0.830244190700838,0.270817925272111,-0.463069447245391,0.15138996725895099,-132.35364231628,8.53078413732749,-132.35364231628,bottle,Pour,invalid
13,0.830244190700838,0.270817925272111,-0.463069447245391,0.15138996725895099,-132.35364231628,8.53078413732749,-132.35364231628,bottle,Push,valid
14,0.830244190700838,0.270817925272111,-0.463069447245391,0.15138996725895099,-132.35364231628,8.53078413732749,-132.35364231628,bottle,Pull,valid
15,0.896182400943775,-0.14786549921397799,-0.38469246073058294,-0.16433079150877,-119.258389300479,183.211584223534,-119.258389300479,bottle,Pick_Serve,invalid
16,0.896182400943775,-0.14786549921397799,-0.38469246073058294,-0.16433079150877,-119.258389300479,183.211584223534,-119.258389300479,bottle,Pick_Clean,valid
17,0.896182400943775,-0.14786549921397799,-0.38469246073058294,-0.16433079150877,-119.258389300479,183.211584223534,-119.258389300479,bottle,Pour,invalid
18,0.896182400943775,-0.14786549921397799,-0.38469246073058294,-0.16433079150877,-119.258389300479,183.211584223534,-119.258389300479,bottle,Push,valid
19,0.896182400943775,-0.14786549921397799,-0.38469246073058294,-0.16433079150877,-119.258389300479,183.211584223534,-119.258389300479,bottle,Pull,invalid
20,0.945269824862269,-0.290529536682382,-0.12674434474836302,-0.077417166018152,-39.3619297227914,248.454480863355,-39.3619297227914,bottle,Pick_Serve,invalid
21,0.945269824862269,-0.290529536682382,-0.12674434474836302,-0.077417166018152,-39.3619297227914,248.454480863355,-39.3619297227914,bottle,Pick_Clean,invalid
22,0.945269824862269,-0.290529536682382,-0.12674434474836302,-0.077417166018152,-39.3619297227914,248.454480863355,-39.3619297227914,bottle,Pour,invalid
23,0.945269824862269,-0.290529536682382,-0.12674434474836302,-0.077417166018152,-39.3619297227914,248.454480863355,-39.3619297227914,bottle,Push,invalid
24,0.945269824862269,-0.290529536682382,-0.12674434474836302,-0.077417166018152,-39.3619297227914,248.454480863355,-39.3619297227914,bottle,Pull,invalid
25,0.969283403895278,-0.18160781248965302,0.152624037795323,0.064916781058184,47.6020270733327,191.12775695326198,47.6020270733327,bottle,Pick_Serve,invalid
26,0.969283403895278,-0.18160781248965302,0.152624037795323,0.064916781058184,47.6020270733327,191.12775695326198,47.6020270733327,bottle,Pick_Clean,valid
27,0.969283403895278,-0.18160781248965302,0.152624037795323,0.064916781058184,47.6020270733327,191.12775695326198,47.6020270733327,bottle,Pour,invalid
28,0.969283403895278,-0.18160781248965302,0.152624037795323,0.064916781058184,47.6020270733327,191.12775695326198,47.6020270733327,bottle,Push,invalid
29,0.969283403895278,-0.18160781248965302,0.152624037795323,0.064916781058184,47.6020270733327,191.12775695326198,47.6020270733327,bottle,Pull,invalid
30,0.970013279631437,-0.19125100594977598,-0.14942438577510098,0.013024707198079999,-60.5022249228967,196.744447645597,-60.5022249228967,bottle,Pick_Serve,invalid
31,0.970013279631437,-0.19125100594977598,-0.14942438577510098,0.013024707198079999,-60.5022249228967,196.744447645597,-60.5022249228967,bottle,Pick_Clean,invalid
32,0.970013279631437,-0.19125100594977598,-0.14942438577510098,0.013024707198079999,-60.5022249228967,196.744447645597,-60.5022249228967,bottle,Pour,invalid
33,0.970013279631437,-0.19125100594977598,-0.14942438577510098,0.013024707198079999,-60.5022249228967,196.744447645597,-60.5022249228967,bottle,Push,invalid
34,0.970013279631437,-0.19125100594977598,-0.14942438577510098,0.013024707198079999,-60.5022249228967,196.744447645597,-60.5022249228967,bottle,Pull,valid
35,0.528924181897957,0.233540976139212,-0.7540095412360859,0.311716913228117,-123.295067046922,4.27224760562206,-123.295067046922,bottle,Pick_Serve,invalid
36,0.528924181897957,0.233540976139212,-0.7540095412360859,0.311716913228117,-123.295067046922,4.27224760562206,-123.295067046922,bottle,Pick_Clean,valid
37,0.528924181897957,0.233540976139212,-0.7540095412360859,0.311716913228117,-123.295067046922,4.27224760562206,-123.295067046922,bottle,Pour,invalid
38,0.528924181897957,0.233540976139212,-0.7540095412360859,0.311716913228117,-123.295067046922,4.27224760562206,-123.295067046922,bottle,Push,valid
39,0.528924181897957,0.233540976139212,-0.7540095412360859,0.311716913228117,-123.295067046922,4.27224760562206,-123.295067046922,bottle,Pull,valid
40,0.533181553757889,0.091523330994334,-0.8290193683250869,0.14166085400666598,-162.287110142024,68.7855977914747,-162.287110142024,bottle,Pick_Serve,valid
41,0.533181553757889,0.091523330994334,-0.8290193683250869,0.14166085400666598,-162.287110142024,68.7855977914747,-162.287110142024,bottle,Pick_Clean,valid
42,0.533181553757889,0.091523330994334,-0.8290193683250869,0.14166085400666598,-162.287110142024,68.7855977914747,-162.287110142024,bottle,Pour,invalid
43,0.533181553757889,0.091523330994334,-0.8290193683250869,0.14166085400666598,-162.287110142024,68.7855977914747,-162.287110142024,bottle,Push,invalid
44,0.533181553757889,0.091523330994334,-0.8290193683250869,0.14166085400666598,-162.287110142024,68.7855977914747,-162.287110142024,bottle,Pull,valid
45,0.8921025250116071,-0.21252444677430898,-0.393152537176181,-0.066464478506335,-129.811789535482,217.507586766785,-129.811789535482,bottle,Pick_Serve,valid
46,0.8921025250116071,-0.21252444677430898,-0.393152537176181,-0.066464478506335,-129.811789535482,217.507586766785,-129.811789535482,bottle,Pick_Clean,valid
47,0.8921025250116071,-0.21252444677430898,-0.393152537176181,-0.066464478506335,-129.811789535482,217.507586766785,-129.811789535482,bottle,Pour,invalid
48,0.8921025250116071,-0.21252444677430898,-0.393152537176181,-0.066464478506335,-129.811789535482,217.507586766785,-129.811789535482,bottle,Push,valid
49,0.8921025250116071,-0.21252444677430898,-0.393152537176181,-0.066464478506335,-129.811789535482,217.507586766785,-129.811789535482,bottle,Pull,valid
50,0.7574175015351591,0.293620283043731,-0.5660792645649529,0.140214564090745,-143.534564248477,29.598850958309697,-143.534564248477,bottle,Pick_Serve,invalid
51,0.7574175015351591,0.293620283043731,-0.5660792645649529,0.140214564090745,-143.534564248477,29.598850958309697,-143.534564248477,bottle,Pick_Clean,invalid
52,0.7574175015351591,0.293620283043731,-0.5660792645649529,0.140214564090745,-143.534564248477,29.598850958309697,-143.534564248477,bottle,Pour,invalid
53,0.7574175015351591,0.293620283043731,-0.5660792645649529,0.140214564090745,-143.534564248477,29.598850958309697,-143.534564248477,bottle,Push,valid
54,0.7574175015351591,0.293620283043731,-0.5660792645649529,0.140214564090745,-143.534564248477,29.598850958309697,-143.534564248477,bottle,Pull,valid
55,0.606705684008355,0.158384374855795,-0.7235390318491021,0.28864142492781,-152.71548186543302,43.7342731218489,-152.71548186543302,bottle,Pick_Serve,invalid
56,0.606705684008355,0.158384374855795,-0.7235390318491021,0.28864142492781,-152.71548186543302,43.7342731218489,-152.71548186543302,bottle,Pick_Clean,invalid
57,0.606705684008355,0.158384374855795,-0.7235390318491021,0.28864142492781,-152.71548186543302,43.7342731218489,-152.71548186543302,bottle,Pour,invalid
58,0.606705684008355,0.158384374855795,-0.7235390318491021,0.28864142492781,-152.71548186543302,43.7342731218489,-152.71548186543302,bottle,Push,invalid
59,0.606705684008355,0.158384374855795,-0.7235390318491021,0.28864142492781,-152.71548186543302,43.7342731218489,-152.71548186543302,bottle,Pull,invalid
60,0.524707536904714,0.126988664794352,-0.784074382676951,0.306240497254842,-138.761319104043,36.830191531104795,-138.761319104043,bottle,Pick_Serve,invalid
61,0.524707536904714,0.126988664794352,-0.784074382676951,0.306240497254842,-138.761319104043,36.830191531104795,-138.761319104043,bottle,Pick_Clean,invalid
62,0.524707536904714,0.126988664794352,-0.784074382676951,0.306240497254842,-138.761319104043,36.830191531104795,-138.761319104043,bottle,Pour,invalid
63,0.524707536904714,0.126988664794352,-0.784074382676951,0.306240497254842,-138.761319104043,36.830191531104795,-138.761319104043,bottle,Push,invalid
64,0.524707536904714,0.126988664794352,-0.784074382676951,0.306240497254842,-138.761319104043,36.830191531104795,-138.761319104043,bottle,Pull,invalid
65,0.8095231729041851,0.25501939364328896,-0.4981208887682,0.17751879215938698,-131.585441859723,51.339207353215706,-131.585441859723,bottle,Pick_Serve,invalid
66,0.8095231729041851,0.25501939364328896,-0.4981208887682,0.17751879215938698,-131.585441859723,51.339207353215706,-131.585441859723,bottle,Pick_Clean,invalid
67,0.8095231729041851,0.25501939364328896,-0.4981208887682,0.17751879215938698,-131.585441859723,51.339207353215706,-131.585441859723,bottle,Pour,invalid
68,0.8095231729041851,0.25501939364328896,-0.4981208887682,0.17751879215938698,-131.585441859723,51.339207353215706,-131.585441859723,bottle,Push,invalid
69,0.8095231729041851,0.25501939364328896,-0.4981208887682,0.17751879215938698,-131.585441859723,51.339207353215706,-131.585441859723,bottle,Pull,invalid
70,0.907559362543874,-0.219786278893796,-0.35027231418583105,-0.07307052062135902,-117.648110070765,248.03217544702002,-117.648110070765,bottle,Pick_Serve,invalid
71,0.907559362543874,-0.219786278893796,-0.35027231418583105,-0.07307052062135902,-117.648110070765,248.03217544702002,-117.648110070765,bottle,Pick_Clean,valid
72,0.907559362543874,-0.219786278893796,-0.35027231418583105,-0.07307052062135902,-117.648110070765,248.03217544702002,-117.648110070765,bottle,Pour,invalid
73,0.907559362543874,-0.219786278893796,-0.35027231418583105,-0.07307052062135902,-117.648110070765,248.03217544702002,-117.648110070765,bottle,Push,invalid
74,0.907559362543874,-0.219786278893796,-0.35027231418583105,-0.07307052062135902,-117.648110070765,248.03217544702002,-117.648110070765,bottle,Pull,invalid
75,0.795889145958729,0.088585890151294,-0.575502113740375,0.165862366109817,-170.028572109122,94.7400786184507,-170.028572109122,bottle,Pick_Serve,invalid
76,0.795889145958729,0.088585890151294,-0.575502113740375,0.165862366109817,-170.028572109122,94.7400786184507,-170.028572109122,bottle,Pick_Clean,valid
77,0.795889145958729,0.088585890151294,-0.575502113740375,0.165862366109817,-170.028572109122,94.7400786184507,-170.028572109122,bottle,Pour,invalid
78,0.795889145958729,0.088585890151294,-0.575502113740375,0.165862366109817,-170.028572109122,94.7400786184507,-170.028572109122,bottle,Push,invalid
79,0.795889145958729,0.088585890151294,-0.575502113740375,0.165862366109817,-170.028572109122,94.7400786184507,-170.028572109122,bottle,Pull,invalid
80,0.024631903768116,-0.022015284076734,-0.10210984834761501,0.9942244090014108,-7.724834539240231,112.912548390173,-7.724834539240231,bottle,Pick_Serve,invalid
81,0.024631903768116,-0.022015284076734,-0.10210984834761501,0.9942244090014108,-7.724834539240231,112.912548390173,-7.724834539240231,bottle,Pick_Clean,valid
82,0.024631903768116,-0.022015284076734,-0.10210984834761501,0.9942244090014108,-7.724834539240231,112.912548390173,-7.724834539240231,bottle,Pour,invalid
83,0.024631903768116,-0.022015284076734,-0.10210984834761501,0.9942244090014108,-7.724834539240231,112.912548390173,-7.724834539240231,bottle,Push,valid
84,0.024631903768116,-0.022015284076734,-0.10210984834761501,0.9942244090014108,-7.724834539240231,112.912548390173,-7.724834539240231,bottle,Pull,valid
85,0.9945116872425901,-0.030650951211253,-0.021842952566939,0.097621250508789,-12.2549487534574,164.367351805992,-12.2549487534574,bottle,Pick_Serve,invalid
86,0.9945116872425901,-0.030650951211253,-0.021842952566939,0.097621250508789,-12.2549487534574,164.367351805992,-12.2549487534574,bottle,Pick_Clean,invalid
87,0.9945116872425901,-0.030650951211253,-0.021842952566939,0.097621250508789,-12.2549487534574,164.367351805992,-12.2549487534574,bottle,Pour,invalid
88,0.9945116872425901,-0.030650951211253,-0.021842952566939,0.097621250508789,-12.2549487534574,164.367351805992,-12.2549487534574,bottle,Push,invalid
89,0.9945116872425901,-0.030650951211253,-0.021842952566939,0.097621250508789,-12.2549487534574,164.367351805992,-12.2549487534574,bottle,Pull,invalid
90,0.86716839826582,0.070678698736768,-0.483299843066798,0.0971841153974,-151.413790257068,94.1497893795775,-151.413790257068,bottle,Pick_Serve,valid
91,0.86716839826582,0.070678698736768,-0.483299843066798,0.0971841153974,-151.413790257068,94.1497893795775,-151.413790257068,bottle,Pick_Clean,valid
92,0.86716839826582,0.070678698736768,-0.483299843066798,0.0971841153974,-151.413790257068,94.1497893795775,-151.413790257068,bottle,Pour,invalid
93,0.86716839826582,0.070678698736768,-0.483299843066798,0.0971841153974,-151.413790257068,94.1497893795775,-151.413790257068,bottle,Push,valid
94,0.86716839826582,0.070678698736768,-0.483299843066798,0.0971841153974,-151.413790257068,94.1497893795775,-151.413790257068,bottle,Pull,valid
0,0.091595551,-0.700056041,0.005928211,0.708164283,-235.15857569999997,30.48795143,-235.15857569999997,pizza,Pick_Serve,valid
1,0.091595551,-0.700056041,0.005928211,0.708164283,-235.15857569999997,30.48795143,-235.15857569999997,pizza,Pick_Clean,valid
2,0.091595551,-0.700056041,0.005928211,0.708164283,-235.15857569999997,30.48795143,-235.15857569999997,pizza,Pour,invalid
3,0.091595551,-0.700056041,0.005928211,0.708164283,-235.15857569999997,30.48795143,-235.15857569999997,pizza,Push,valid
4,0.091595551,-0.700056041,0.005928211,0.708164283,-235.15857569999997,30.48795143,-235.15857569999997,pizza,Pull,valid
5,-0.064189338,0.72856971,-0.00456462,-0.6819421309999999,-209.9039781,24.22732361,-209.9039781,pizza,Pick_Serve,valid
6,-0.064189338,0.72856971,-0.00456462,-0.6819421309999999,-209.9039781,24.22732361,-209.9039781,pizza,Pick_Clean,valid
7,-0.064189338,0.72856971,-0.00456462,-0.6819421309999999,-209.9039781,24.22732361,-209.9039781,pizza,Pour,invalid
8,-0.064189338,0.72856971,-0.00456462,-0.6819421309999999,-209.9039781,24.22732361,-209.9039781,pizza,Push,valid
9,-0.064189338,0.72856971,-0.00456462,-0.6819421309999999,-209.9039781,24.22732361,-209.9039781,pizza,Pull,valid
10,0.046021966,-0.6744126340000001,0.040888122,0.735783758,-218.1694913,26.56009998,-218.1694913,pizza,Pick_Serve,valid
11,0.046021966,-0.6744126340000001,0.040888122,0.735783758,-218.1694913,26.56009998,-218.1694913,pizza,Pick_Clean,valid
12,0.046021966,-0.6744126340000001,0.040888122,0.735783758,-218.1694913,26.56009998,-218.1694913,pizza,Pour,invalid
13,0.046021966,-0.6744126340000001,0.040888122,0.735783758,-218.1694913,26.56009998,-218.1694913,pizza,Push,valid
14,0.046021966,-0.6744126340000001,0.040888122,0.735783758,-218.1694913,26.56009998,-218.1694913,pizza,Pull,valid
15,-0.04056902,0.709198746,-0.13628853800000001,-0.690519173,-224.37199840000002,50.22221502,-224.37199840000002,pizza,Pick_Serve,valid
16,-0.04056902,0.709198746,-0.13628853800000001,-0.690519173,-224.37199840000002,50.22221502,-224.37199840000002,pizza,Pick_Clean,valid
17,-0.04056902,0.709198746,-0.13628853800000001,-0.690519173,-224.37199840000002,50.22221502,-224.37199840000002,pizza,Pour,invalid
18,-0.04056902,0.709198746,-0.13628853800000001,-0.690519173,-224.37199840000002,50.22221502,-224.37199840000002,pizza,Push,valid
19,-0.04056902,0.709198746,-0.13628853800000001,-0.690519173,-224.37199840000002,50.22221502,-224.37199840000002,pizza,Pull,valid
20,0.088440227,-0.68742284,0.028290352,0.720297037,-237.8505944,33.58387069,-237.8505944,pizza,Pick_Serve,valid
21,0.088440227,-0.68742284,0.028290352,0.720297037,-237.8505944,33.58387069,-237.8505944,pizza,Pick_Clean,valid
22,0.088440227,-0.68742284,0.028290352,0.720297037,-237.8505944,33.58387069,-237.8505944,pizza,Pour,invalid
23,0.088440227,-0.68742284,0.028290352,0.720297037,-237.8505944,33.58387069,-237.8505944,pizza,Push,valid
24,0.088440227,-0.68742284,0.028290352,0.720297037,-237.8505944,33.58387069,-237.8505944,pizza,Pull,valid
25,-0.02789993,0.7818594459999999,-0.088724724,-0.616478162,-208.5323147,32.15312395,-208.5323147,pizza,Pick_Serve,invalid
26,-0.02789993,0.7818594459999999,-0.088724724,-0.616478162,-208.5323147,32.15312395,-208.5323147,pizza,Pick_Clean,valid
27,-0.02789993,0.7818594459999999,-0.088724724,-0.616478162,-208.5323147,32.15312395,-208.5323147,pizza,Pour,invalid
28,-0.02789993,0.7818594459999999,-0.088724724,-0.616478162,-208.5323147,32.15312395,-208.5323147,pizza,Push,valid
29,-0.02789993,0.7818594459999999,-0.088724724,-0.616478162,-208.5323147,32.15312395,-208.5323147,pizza,Pull,valid
30,-0.035708323,0.7201102690000001,-0.138069629,-0.679045575,-203.9610156,50.58195733,-203.9610156,pizza,Pick_Serve,invalid
31,-0.035708323,0.7201102690000001,-0.138069629,-0.679045575,-203.9610156,50.58195733,-203.9610156,pizza,Pick_Clean,valid
32,-0.035708323,0.7201102690000001,-0.138069629,-0.679045575,-203.9610156,50.58195733,-203.9610156,pizza,Pour,invalid
33,-0.035708323,0.7201102690000001,-0.138069629,-0.679045575,-203.9610156,50.58195733,-203.9610156,pizza,Push,valid
34,-0.035708323,0.7201102690000001,-0.138069629,-0.679045575,-203.9610156,50.58195733,-203.9610156,pizza,Pull,valid
35,-0.021265767999999997,0.7814849909999999,-0.09508836400000001,-0.616268755,-242.5027412,31.56654551,-242.5027412,pizza,Pick_Serve,valid
36,-0.021265767999999997,0.7814849909999999,-0.09508836400000001,-0.616268755,-242.5027412,31.56654551,-242.5027412,pizza,Pick_Clean,valid
37,-0.021265767999999997,0.7814849909999999,-0.09508836400000001,-0.616268755,-242.5027412,31.56654551,-242.5027412,pizza,Pour,invalid
38,-0.021265767999999997,0.7814849909999999,-0.09508836400000001,-0.616268755,-242.5027412,31.56654551,-242.5027412,pizza,Push,valid
39,-0.021265767999999997,0.7814849909999999,-0.09508836400000001,-0.616268755,-242.5027412,31.56654551,-242.5027412,pizza,Pull,valid
40,-0.08155894400000001,0.7171451790000001,-0.12317951699999999,-0.681085705,-244.8845762,56.27682008,-244.8845762,pizza,Pick_Serve,valid
41,-0.08155894400000001,0.7171451790000001,-0.12317951699999999,-0.681085705,-244.8845762,56.27682008,-244.8845762,pizza,Pick_Clean,valid
42,-0.08155894400000001,0.7171451790000001,-0.12317951699999999,-0.681085705,-244.8845762,56.27682008,-244.8845762,pizza,Pour,invalid
43,-0.08155894400000001,0.7171451790000001,-0.12317951699999999,-0.681085705,-244.8845762,56.27682008,-244.8845762,pizza,Push,valid
44,-0.08155894400000001,0.7171451790000001,-0.12317951699999999,-0.681085705,-244.8845762,56.27682008,-244.8845762,pizza,Pull,valid
45,0.164516059,-0.6191123820000001,-0.020803043,0.7675946570000001,-220.4859147,39.22283238,-220.4859147,pizza,Pick_Serve,valid
46,0.164516059,-0.6191123820000001,-0.020803043,0.7675946570000001,-220.4859147,39.22283238,-220.4859147,pizza,Pick_Clean,valid
47,0.164516059,-0.6191123820000001,-0.020803043,0.7675946570000001,-220.4859147,39.22283238,-220.4859147,pizza,Pour,invalid
48,0.164516059,-0.6191123820000001,-0.020803043,0.7675946570000001,-220.4859147,39.22283238,-220.4859147,pizza,Push,valid
49,0.164516059,-0.6191123820000001,-0.020803043,0.7675946570000001,-220.4859147,39.22283238,-220.4859147,pizza,Pull,valid
50,-0.19025542,0.7101600509999999,-0.06650459,-0.674575953,-211.9832165,72.7460566,-211.9832165,pizza,Pick_Serve,valid
51,-0.19025542,0.7101600509999999,-0.06650459,-0.674575953,-211.9832165,72.7460566,-211.9832165,pizza,Pick_Clean,valid
52,-0.19025542,0.7101600509999999,-0.06650459,-0.674575953,-211.9832165,72.7460566,-211.9832165,pizza,Pour,invalid
53,-0.19025542,0.7101600509999999,-0.06650459,-0.674575953,-211.9832165,72.7460566,-211.9832165,pizza,Push,valid
54,-0.19025542,0.7101600509999999,-0.06650459,-0.674575953,-211.9832165,72.7460566,-211.9832165,pizza,Pull,valid
55,0.18524087600000003,-0.669595914,0.03568187,0.71836894,-198.3815113,62.15177904,-198.3815113,pizza,Pick_Serve,invalid
56,0.18524087600000003,-0.669595914,0.03568187,0.71836894,-198.3815113,62.15177904,-198.3815113,pizza,Pick_Clean,valid
57,0.18524087600000003,-0.669595914,0.03568187,0.71836894,-198.3815113,62.15177904,-198.3815113,pizza,Pour,invalid
58,0.18524087600000003,-0.669595914,0.03568187,0.71836894,-198.3815113,62.15177904,-198.3815113,pizza,Push,valid
59,0.18524087600000003,-0.669595914,0.03568187,0.71836894,-198.3815113,62.15177904,-198.3815113,pizza,Pull,valid
60,-0.190001566,0.7223487890000001,-0.067464045,-0.66148336,-244.13135409999998,73.07828847,-244.13135409999998,pizza,Pick_Serve,invalid
61,-0.190001566,0.7223487890000001,-0.067464045,-0.66148336,-244.13135409999998,73.07828847,-244.13135409999998,pizza,Pick_Clean,valid
62,-0.190001566,0.7223487890000001,-0.067464045,-0.66148336,-244.13135409999998,73.07828847,-244.13135409999998,pizza,Pour,invalid
63,-0.190001566,0.7223487890000001,-0.067464045,-0.66148336,-244.13135409999998,73.07828847,-244.13135409999998,pizza,Push,valid
64,-0.190001566,0.7223487890000001,-0.067464045,-0.66148336,-244.13135409999998,73.07828847,-244.13135409999998,pizza,Pull,valid
65,-0.023402634,0.749777923,-0.108275964,-0.652350901,-226.86151209999997,37.45089821,-226.86151209999997,pizza,Pick_Serve,valid
66,-0.023402634,0.749777923,-0.108275964,-0.652350901,-226.86151209999997,37.45089821,-226.86151209999997,pizza,Pick_Clean,valid
67,-0.023402634,0.749777923,-0.108275964,-0.652350901,-226.86151209999997,37.45089821,-226.86151209999997,pizza,Pour,invalid
68,-0.023402634,0.749777923,-0.108275964,-0.652350901,-226.86151209999997,37.45089821,-226.86151209999997,pizza,Push,valid
69,-0.023402634,0.749777923,-0.108275964,-0.652350901,-226.86151209999997,37.45089821,-226.86151209999997,pizza,Pull,valid
70,0.261816873,-0.652327248,0.025695702,0.7108170070000001,-247.0062361,80.19746538,-247.0062361,pizza,Pick_Serve,valid
71,0.261816873,-0.652327248,0.025695702,0.7108170070000001,-247.0062361,80.19746538,-247.0062361,pizza,Pick_Clean,valid
72,0.261816873,-0.652327248,0.025695702,0.7108170070000001,-247.0062361,80.19746538,-247.0062361,pizza,Pour,invalid
73,0.261816873,-0.652327248,0.025695702,0.7108170070000001,-247.0062361,80.19746538,-247.0062361,pizza,Push,valid
74,0.261816873,-0.652327248,0.025695702,0.7108170070000001,-247.0062361,80.19746538,-247.0062361,pizza,Pull,valid
75,0.25042786,-0.605937221,0.08377717,0.750404795,-146.4805519,88.09096102,-146.4805519,pizza,Pick_Serve,invalid
76,0.25042786,-0.605937221,0.08377717,0.750404795,-146.4805519,88.09096102,-146.4805519,pizza,Pick_Clean,valid
77,0.25042786,-0.605937221,0.08377717,0.750404795,-146.4805519,88.09096102,-146.4805519,pizza,Pour,invalid
78,0.25042786,-0.605937221,0.08377717,0.750404795,-146.4805519,88.09096102,-146.4805519,pizza,Push,valid
79,0.25042786,-0.605937221,0.08377717,0.750404795,-146.4805519,88.09096102,-146.4805519,pizza,Pull,valid
80,0.285842049,-0.636646635,0.059664084000000006,0.713733552,-191.51781780000002,93.34605335,-191.51781780000002,pizza,Pick_Serve,invalid
81,0.285842049,-0.636646635,0.059664084000000006,0.713733552,-191.51781780000002,93.34605335,-191.51781780000002,pizza,Pick_Clean,valid
82,0.285842049,-0.636646635,0.059664084000000006,0.713733552,-191.51781780000002,93.34605335,-191.51781780000002,pizza,Pour,invalid
83,0.285842049,-0.636646635,0.059664084000000006,0.713733552,-191.51781780000002,93.34605335,-191.51781780000002,pizza,Push,valid
84,0.285842049,-0.636646635,0.059664084000000006,0.713733552,-191.51781780000002,93.34605335,-191.51781780000002,pizza,Pull,valid
0,0.686263216331626,-0.136152793232241,-0.7009743525651391,-0.13834800992827098,-160.302762081063,96.316557462153,-160.302762081063,fork,Pick_Serve,valid
1,0.686263216331626,-0.136152793232241,-0.7009743525651391,-0.13834800992827098,-160.302762081063,96.316557462153,-160.302762081063,fork,Pick_Clean,valid
2,0.686263216331626,-0.136152793232241,-0.7009743525651391,-0.13834800992827098,-160.302762081063,96.316557462153,-160.302762081063,fork,Pour,invalid
3,0.686263216331626,-0.136152793232241,-0.7009743525651391,-0.13834800992827098,-160.302762081063,96.316557462153,-160.302762081063,fork,Push,valid
4,0.686263216331626,-0.136152793232241,-0.7009743525651391,-0.13834800992827098,-160.302762081063,96.316557462153,-160.302762081063,fork,Pull,valid
5,0.7440569886386059,-0.152771657515265,-0.635937589573581,-0.136467580345777,-183.69629472191798,100.181483711274,-183.69629472191798,fork,Pick_Serve,invalid
6,0.7440569886386059,-0.152771657515265,-0.635937589573581,-0.136467580345777,-183.69629472191798,100.181483711274,-183.69629472191798,fork,Pick_Clean,valid
7,0.7440569886386059,-0.152771657515265,-0.635937589573581,-0.136467580345777,-183.69629472191798,100.181483711274,-183.69629472191798,fork,Pour,invalid
8,0.7440569886386059,-0.152771657515265,-0.635937589573581,-0.136467580345777,-183.69629472191798,100.181483711274,-183.69629472191798,fork,Push,valid
9,0.7440569886386059,-0.152771657515265,-0.635937589573581,-0.136467580345777,-183.69629472191798,100.181483711274,-183.69629472191798,fork,Pull,valid
10,0.55616182536029,-0.12367587373815801,-0.8021724845665641,-0.178627005996625,-144.995346451997,104.13385919915001,-144.995346451997,fork,Pick_Serve,invalid
11,0.55616182536029,-0.12367587373815801,-0.8021724845665641,-0.178627005996625,-144.995346451997,104.13385919915001,-144.995346451997,fork,Pick_Clean,valid
12,0.55616182536029,-0.12367587373815801,-0.8021724845665641,-0.178627005996625,-144.995346451997,104.13385919915001,-144.995346451997,fork,Pour,invalid
13,0.55616182536029,-0.12367587373815801,-0.8021724845665641,-0.178627005996625,-144.995346451997,104.13385919915001,-144.995346451997,fork,Push,valid
14,0.55616182536029,-0.12367587373815801,-0.8021724845665641,-0.178627005996625,-144.995346451997,104.13385919915001,-144.995346451997,fork,Pull,invalid
15,0.739824229994133,-0.152561704187954,-0.640170585250741,-0.13988086684238402,-135.755328252661,101.014331872243,-135.755328252661,fork,Pick_Serve,valid
16,0.739824229994133,-0.152561704187954,-0.640170585250741,-0.13988086684238402,-135.755328252661,101.014331872243,-135.755328252661,fork,Pick_Clean,valid
17,0.739824229994133,-0.152561704187954,-0.640170585250741,-0.13988086684238402,-135.755328252661,101.014331872243,-135.755328252661,fork,Pour,invalid
18,0.739824229994133,-0.152561704187954,-0.640170585250741,-0.13988086684238402,-135.755328252661,101.014331872243,-135.755328252661,fork,Push,valid
19,0.739824229994133,-0.152561704187954,-0.640170585250741,-0.13988086684238402,-135.755328252661,101.014331872243,-135.755328252661,fork,Pull,valid
20,0.6176283026366629,-0.057534710449027,-0.7759831410059941,-0.11434684844879302,-202.48657595560798,73.84011141935709,-202.48657595560798,fork,Pick_Serve,valid
21,0.6176283026366629,-0.057534710449027,-0.7759831410059941,-0.11434684844879302,-202.48657595560798,73.84011141935709,-202.48657595560798,fork,Pick_Clean,valid
22,0.6176283026366629,-0.057534710449027,-0.7759831410059941,-0.11434684844879302,-202.48657595560798,73.84011141935709,-202.48657595560798,fork,Pour,invalid
23,0.6176283026366629,-0.057534710449027,-0.7759831410059941,-0.11434684844879302,-202.48657595560798,73.84011141935709,-202.48657595560798,fork,Push,valid
24,0.6176283026366629,-0.057534710449027,-0.7759831410059941,-0.11434684844879302,-202.48657595560798,73.84011141935709,-202.48657595560798,fork,Pull,valid
25,0.5737936234134089,-0.15936554862958302,-0.7863515213609681,-0.164361748875438,-185.327891385249,110.618017680103,-185.327891385249,fork,Pick_Serve,invalid
26,0.5737936234134089,-0.15936554862958302,-0.7863515213609681,-0.164361748875438,-185.327891385249,110.618017680103,-185.327891385249,fork,Pick_Clean,valid
27,0.5737936234134089,-0.15936554862958302,-0.7863515213609681,-0.164361748875438,-185.327891385249,110.618017680103,-185.327891385249,fork,Pour,invalid
28,0.5737936234134089,-0.15936554862958302,-0.7863515213609681,-0.164361748875438,-185.327891385249,110.618017680103,-185.327891385249,fork,Push,valid
29,0.5737936234134089,-0.15936554862958302,-0.7863515213609681,-0.164361748875438,-185.327891385249,110.618017680103,-185.327891385249,fork,Pull,invalid
30,0.598436641034152,-0.22963523094213198,-0.716429678876109,-0.27544466341424895,-109.991568676937,154.35913440376,-109.991568676937,fork,Pick_Serve,valid
31,0.598436641034152,-0.22963523094213198,-0.716429678876109,-0.27544466341424895,-109.991568676937,154.35913440376,-109.991568676937,fork,Pick_Clean,valid
32,0.598436641034152,-0.22963523094213198,-0.716429678876109,-0.27544466341424895,-109.991568676937,154.35913440376,-109.991568676937,fork,Pour,invalid
33,0.598436641034152,-0.22963523094213198,-0.716429678876109,-0.27544466341424895,-109.991568676937,154.35913440376,-109.991568676937,fork,Push,valid
34,0.598436641034152,-0.22963523094213198,-0.716429678876109,-0.27544466341424895,-109.991568676937,154.35913440376,-109.991568676937,fork,Pull,valid
35,0.671384090979609,-0.26249645049051,-0.6665872797175799,-0.18973775158908499,-145.829244683867,145.871555923037,-145.829244683867,fork,Pick_Serve,valid
36,0.671384090979609,-0.26249645049051,-0.6665872797175799,-0.18973775158908499,-145.829244683867,145.871555923037,-145.829244683867,fork,Pick_Clean,valid
37,0.671384090979609,-0.26249645049051,-0.6665872797175799,-0.18973775158908499,-145.829244683867,145.871555923037,-145.829244683867,fork,Pour,invalid
38,0.671384090979609,-0.26249645049051,-0.6665872797175799,-0.18973775158908499,-145.829244683867,145.871555923037,-145.829244683867,fork,Push,valid
39,0.671384090979609,-0.26249645049051,-0.6665872797175799,-0.18973775158908499,-145.829244683867,145.871555923037,-145.829244683867,fork,Pull,valid
40,0.579781683693747,-0.42444412399998405,-0.569990629775723,-0.398511062359632,-34.7605184324293,209.476482608493,-34.7605184324293,fork,Pick_Serve,valid
41,0.579781683693747,-0.42444412399998405,-0.569990629775723,-0.398511062359632,-34.7605184324293,209.476482608493,-34.7605184324293,fork,Pick_Clean,valid
42,0.579781683693747,-0.42444412399998405,-0.569990629775723,-0.398511062359632,-34.7605184324293,209.476482608493,-34.7605184324293,fork,Pour,invalid
43,0.579781683693747,-0.42444412399998405,-0.569990629775723,-0.398511062359632,-34.7605184324293,209.476482608493,-34.7605184324293,fork,Push,valid
44,0.579781683693747,-0.42444412399998405,-0.569990629775723,-0.398511062359632,-34.7605184324293,209.476482608493,-34.7605184324293,fork,Pull,valid
45,0.599669114638624,-0.398611996434248,-0.58795467900026,-0.36853049356726403,-89.79814096493358,203.21355739951198,-89.79814096493358,fork,Pick_Serve,valid
46,0.599669114638624,-0.398611996434248,-0.58795467900026,-0.36853049356726403,-89.79814096493358,203.21355739951198,-89.79814096493358,fork,Pick_Clean,valid
47,0.599669114638624,-0.398611996434248,-0.58795467900026,-0.36853049356726403,-89.79814096493358,203.21355739951198,-89.79814096493358,fork,Pour,invalid
48,0.599669114638624,-0.398611996434248,-0.58795467900026,-0.36853049356726403,-89.79814096493358,203.21355739951198,-89.79814096493358,fork,Push,valid
49,0.599669114638624,-0.398611996434248,-0.58795467900026,-0.36853049356726403,-89.79814096493358,203.21355739951198,-89.79814096493358,fork,Pull,valid
50,-0.217255959913425,0.08323316034416901,0.275582367388734,0.9326984762964059,-162.323098970302,138.850965646903,-162.323098970302,fork,Pick_Serve,invalid
51,-0.217255959913425,0.08323316034416901,0.275582367388734,0.9326984762964059,-162.323098970302,138.850965646903,-162.323098970302,fork,Pick_Clean,invalid
52,-0.217255959913425,0.08323316034416901,0.275582367388734,0.9326984762964059,-162.323098970302,138.850965646903,-162.323098970302,fork,Pour,invalid
53,-0.217255959913425,0.08323316034416901,0.275582367388734,0.9326984762964059,-162.323098970302,138.850965646903,-162.323098970302,fork,Push,invalid
54,-0.217255959913425,0.08323316034416901,0.275582367388734,0.9326984762964059,-162.323098970302,138.850965646903,-162.323098970302,fork,Pull,invalid
55,-0.21702899360702102,0.076185877136994,0.35491294106300103,0.906162751565523,-177.80514871735,164.21561709923202,-177.80514871735,fork,Pick_Serve,invalid
56,-0.21702899360702102,0.076185877136994,0.35491294106300103,0.906162751565523,-177.80514871735,164.21561709923202,-177.80514871735,fork,Pick_Clean,invalid
57,-0.21702899360702102,0.076185877136994,0.35491294106300103,0.906162751565523,-177.80514871735,164.21561709923202,-177.80514871735,fork,Pour,invalid
58,-0.21702899360702102,0.076185877136994,0.35491294106300103,0.906162751565523,-177.80514871735,164.21561709923202,-177.80514871735,fork,Push,invalid
59,-0.21702899360702102,0.076185877136994,0.35491294106300103,0.906162751565523,-177.80514871735,164.21561709923202,-177.80514871735,fork,Pull,invalid
60,-0.21755839145148198,0.41008019609035606,0.18531941872678398,0.866117366253734,-56.2640283962358,128.713727964681,-56.2640283962358,fork,Pick_Serve,invalid
61,-0.21755839145148198,0.41008019609035606,0.18531941872678398,0.866117366253734,-56.2640283962358,128.713727964681,-56.2640283962358,fork,Pick_Clean,invalid
62,-0.21755839145148198,0.41008019609035606,0.18531941872678398,0.866117366253734,-56.2640283962358,128.713727964681,-56.2640283962358,fork,Pour,invalid
63,-0.21755839145148198,0.41008019609035606,0.18531941872678398,0.866117366253734,-56.2640283962358,128.713727964681,-56.2640283962358,fork,Push,invalid
64,-0.21755839145148198,0.41008019609035606,0.18531941872678398,0.866117366253734,-56.2640283962358,128.713727964681,-56.2640283962358,fork,Pull,invalid
65,0.581493158412443,-0.638871334240087,-0.348004185899592,-0.3641458658315,0.972838169348236,218.988442989488,0.972838169348236,fork,Pick_Serve,valid
66,0.581493158412443,-0.638871334240087,-0.348004185899592,-0.3641458658315,0.972838169348236,218.988442989488,0.972838169348236,fork,Pick_Clean,valid
67,0.581493158412443,-0.638871334240087,-0.348004185899592,-0.3641458658315,0.972838169348236,218.988442989488,0.972838169348236,fork,Pour,invalid
68,0.581493158412443,-0.638871334240087,-0.348004185899592,-0.3641458658315,0.972838169348236,218.988442989488,0.972838169348236,fork,Push,valid
69,0.581493158412443,-0.638871334240087,-0.348004185899592,-0.3641458658315,0.972838169348236,218.988442989488,0.972838169348236,fork,Pull,valid
70,0.741520169441648,-0.354401673376408,-0.503620843596285,-0.266295584106451,-128.459499622636,183.396569226891,-128.459499622636,fork,Pick_Serve,valid
71,0.741520169441648,-0.354401673376408,-0.503620843596285,-0.266295584106451,-128.459499622636,183.396569226891,-128.459499622636,fork,Pick_Clean,valid
72,0.741520169441648,-0.354401673376408,-0.503620843596285,-0.266295584106451,-128.459499622636,183.396569226891,-128.459499622636,fork,Pour,invalid
73,0.741520169441648,-0.354401673376408,-0.503620843596285,-0.266295584106451,-128.459499622636,183.396569226891,-128.459499622636,fork,Push,valid
74,0.741520169441648,-0.354401673376408,-0.503620843596285,-0.266295584106451,-128.459499622636,183.396569226891,-128.459499622636,fork,Pull,valid
75,-0.265014662786699,0.506429781285581,0.044225171771382,0.8193535496456221,-21.2508599972902,99.27941646136541,-21.2508599972902,fork,Pick_Serve,invalid
76,-0.265014662786699,0.506429781285581,0.044225171771382,0.8193535496456221,-21.2508599972902,99.27941646136541,-21.2508599972902,fork,Pick_Clean,invalid
77,-0.265014662786699,0.506429781285581,0.044225171771382,0.8193535496456221,-21.2508599972902,99.27941646136541,-21.2508599972902,fork,Pour,invalid
78,-0.265014662786699,0.506429781285581,0.044225171771382,0.8193535496456221,-21.2508599972902,99.27941646136541,-21.2508599972902,fork,Push,invalid
79,-0.265014662786699,0.506429781285581,0.044225171771382,0.8193535496456221,-21.2508599972902,99.27941646136541,-21.2508599972902,fork,Pull,invalid
80,-0.42668182135844296,0.30997537869502506,0.173087829809465,0.8318043586667271,-95.70021775747709,143.26211711634,-95.70021775747709,fork,Pick_Serve,invalid
81,-0.42668182135844296,0.30997537869502506,0.173087829809465,0.8318043586667271,-95.70021775747709,143.26211711634,-95.70021775747709,fork,Pick_Clean,invalid
82,-0.42668182135844296,0.30997537869502506,0.173087829809465,0.8318043586667271,-95.70021775747709,143.26211711634,-95.70021775747709,fork,Pour,invalid
83,-0.42668182135844296,0.30997537869502506,0.173087829809465,0.8318043586667271,-95.70021775747709,143.26211711634,-95.70021775747709,fork,Push,invalid
84,-0.42668182135844296,0.30997537869502506,0.173087829809465,0.8318043586667271,-95.70021775747709,143.26211711634,-95.70021775747709,fork,Pull,valid
85,-0.412461911871702,0.29596247238137496,0.7290145794439399,0.459150442834608,-55.57131390865721,205.49277797518502,-55.57131390865721,fork,Pick_Serve,valid
86,-0.412461911871702,0.29596247238137496,0.7290145794439399,0.459150442834608,-55.57131390865721,205.49277797518502,-55.57131390865721,fork,Pick_Clean,valid
87,-0.412461911871702,0.29596247238137496,0.7290145794439399,0.459150442834608,-55.57131390865721,205.49277797518502,-55.57131390865721,fork,Pour,invalid
88,-0.412461911871702,0.29596247238137496,0.7290145794439399,0.459150442834608,-55.57131390865721,205.49277797518502,-55.57131390865721,fork,Push,valid
89,-0.412461911871702,0.29596247238137496,0.7290145794439399,0.459150442834608,-55.57131390865721,205.49277797518502,-55.57131390865721,fork,Pull,valid
90,0.6895665649127201,-0.35201181446501895,-0.44213579943358206,-0.45288140819727,-65.8594973129664,205.228220712413,-65.8594973129664,fork,Pick_Serve,valid
91,0.6895665649127201,-0.35201181446501895,-0.44213579943358206,-0.45288140819727,-65.8594973129664,205.228220712413,-65.8594973129664,fork,Pick_Clean,valid
92,0.6895665649127201,-0.35201181446501895,-0.44213579943358206,-0.45288140819727,-65.8594973129664,205.228220712413,-65.8594973129664,fork,Pour,invalid
93,0.6895665649127201,-0.35201181446501895,-0.44213579943358206,-0.45288140819727,-65.8594973129664,205.228220712413,-65.8594973129664,fork,Push,invalid
94,0.6895665649127201,-0.35201181446501895,-0.44213579943358206,-0.45288140819727,-65.8594973129664,205.228220712413,-65.8594973129664,fork,Pull,invalid
95,0.523766207461596,-0.13685777959469,-0.338554860089345,-0.769622969248963,-206.03075049857102,168.646873059341,-206.03075049857102,fork,Pick_Serve,invalid
96,0.523766207461596,-0.13685777959469,-0.338554860089345,-0.769622969248963,-206.03075049857102,168.646873059341,-206.03075049857102,fork,Pick_Clean,invalid
97,0.523766207461596,-0.13685777959469,-0.338554860089345,-0.769622969248963,-206.03075049857102,168.646873059341,-206.03075049857102,fork,Pour,invalid
98,0.523766207461596,-0.13685777959469,-0.338554860089345,-0.769622969248963,-206.03075049857102,168.646873059341,-206.03075049857102,fork,Push,invalid
99,0.523766207461596,-0.13685777959469,-0.338554860089345,-0.769622969248963,-206.03075049857102,168.646873059341,-206.03075049857102,fork,Pull,valid
0,-0.433896868978175,0.5208455053825279,0.421845880889709,0.602079329814718,47.921296056128504,228.855553363956,47.921296056128504,jug,Pick_Serve,invalid
1,-0.433896868978175,0.5208455053825279,0.421845880889709,0.602079329814718,47.921296056128504,228.855553363956,47.921296056128504,jug,Pick_Clean,valid
2,-0.433896868978175,0.5208455053825279,0.421845880889709,0.602079329814718,47.921296056128504,228.855553363956,47.921296056128504,jug,Pour,invalid
3,-0.433896868978175,0.5208455053825279,0.421845880889709,0.602079329814718,47.921296056128504,228.855553363956,47.921296056128504,jug,Push,valid
4,-0.433896868978175,0.5208455053825279,0.421845880889709,0.602079329814718,47.921296056128504,228.855553363956,47.921296056128504,jug,Pull,valid
5,-0.35150021100297996,0.342295143998449,0.6193580651854339,0.612925136660013,-29.7865010151113,232.8641179069,-29.7865010151113,jug,Pick_Serve,invalid
6,-0.35150021100297996,0.342295143998449,0.6193580651854339,0.612925136660013,-29.7865010151113,232.8641179069,-29.7865010151113,jug,Pick_Clean,valid
7,-0.35150021100297996,0.342295143998449,0.6193580651854339,0.612925136660013,-29.7865010151113,232.8641179069,-29.7865010151113,jug,Pour,invalid
8,-0.35150021100297996,0.342295143998449,0.6193580651854339,0.612925136660013,-29.7865010151113,232.8641179069,-29.7865010151113,jug,Push,valid
9,-0.35150021100297996,0.342295143998449,0.6193580651854339,0.612925136660013,-29.7865010151113,232.8641179069,-29.7865010151113,jug,Pull,valid
10,0.555759706439114,-0.534391008758501,-0.447779442044255,-0.452825540069588,6.88212434490739,187.29456208945203,6.88212434490739,jug,Pick_Serve,invalid
11,0.555759706439114,-0.534391008758501,-0.447779442044255,-0.452825540069588,6.88212434490739,187.29456208945203,6.88212434490739,jug,Pick_Clean,valid
12,0.555759706439114,-0.534391008758501,-0.447779442044255,-0.452825540069588,6.88212434490739,187.29456208945203,6.88212434490739,jug,Pour,invalid
13,0.555759706439114,-0.534391008758501,-0.447779442044255,-0.452825540069588,6.88212434490739,187.29456208945203,6.88212434490739,jug,Push,valid
14,0.555759706439114,-0.534391008758501,-0.447779442044255,-0.452825540069588,6.88212434490739,187.29456208945203,6.88212434490739,jug,Pull,valid
15,-0.381921733693384,0.331959490213096,0.63669254595073,0.5818601963709821,-39.2550874553318,194.99430824112702,-39.2550874553318,jug,Pick_Serve,invalid
16,-0.381921733693384,0.331959490213096,0.63669254595073,0.5818601963709821,-39.2550874553318,194.99430824112702,-39.2550874553318,jug,Pick_Clean,valid
17,-0.381921733693384,0.331959490213096,0.63669254595073,0.5818601963709821,-39.2550874553318,194.99430824112702,-39.2550874553318,jug,Pour,invalid
18,-0.381921733693384,0.331959490213096,0.63669254595073,0.5818601963709821,-39.2550874553318,194.99430824112702,-39.2550874553318,jug,Push,valid
19,-0.381921733693384,0.331959490213096,0.63669254595073,0.5818601963709821,-39.2550874553318,194.99430824112702,-39.2550874553318,jug,Pull,valid
20,-0.36958083933953,0.35988984888738795,0.507273851888659,0.6903350918582529,8.41116920073528,228.71218525827203,8.41116920073528,jug,Pick_Serve,invalid
21,-0.36958083933953,0.35988984888738795,0.507273851888659,0.6903350918582529,8.41116920073528,228.71218525827203,8.41116920073528,jug,Pick_Clean,valid
22,-0.36958083933953,0.35988984888738795,0.507273851888659,0.6903350918582529,8.41116920073528,228.71218525827203,8.41116920073528,jug,Pour,invalid
23,-0.36958083933953,0.35988984888738795,0.507273851888659,0.6903350918582529,8.41116920073528,228.71218525827203,8.41116920073528,jug,Push,valid
24,-0.36958083933953,0.35988984888738795,0.507273851888659,0.6903350918582529,8.41116920073528,228.71218525827203,8.41116920073528,jug,Pull,valid
25,0.6506574662028599,-0.7320992135217221,0.038864036844107004,0.197901970367982,-91.1583873261163,226.831223848311,-91.1583873261163,jug,Pick_Serve,invalid
26,0.6506574662028599,-0.7320992135217221,0.038864036844107004,0.197901970367982,-91.1583873261163,226.831223848311,-91.1583873261163,jug,Pick_Clean,valid
27,0.6506574662028599,-0.7320992135217221,0.038864036844107004,0.197901970367982,-91.1583873261163,226.831223848311,-91.1583873261163,jug,Pour,invalid
28,0.6506574662028599,-0.7320992135217221,0.038864036844107004,0.197901970367982,-91.1583873261163,226.831223848311,-91.1583873261163,jug,Push,valid
29,0.6506574662028599,-0.7320992135217221,0.038864036844107004,0.197901970367982,-91.1583873261163,226.831223848311,-91.1583873261163,jug,Pull,valid
30,0.64041461249315,-0.682554131864955,0.261162164055898,0.23618489630999998,-35.656132829697,188.19996562324798,-35.656132829697,jug,Pick_Serve,invalid
31,0.64041461249315,-0.682554131864955,0.261162164055898,0.23618489630999998,-35.656132829697,188.19996562324798,-35.656132829697,jug,Pick_Clean,valid
32,0.64041461249315,-0.682554131864955,0.261162164055898,0.23618489630999998,-35.656132829697,188.19996562324798,-35.656132829697,jug,Pour,invalid
33,0.64041461249315,-0.682554131864955,0.261162164055898,0.23618489630999998,-35.656132829697,188.19996562324798,-35.656132829697,jug,Push,valid
34,0.64041461249315,-0.682554131864955,0.261162164055898,0.23618489630999998,-35.656132829697,188.19996562324798,-35.656132829697,jug,Pull,valid
35,-0.10273693268775501,0.25097147412858495,0.6215370678324129,0.7349490561569029,6.11733209134786,183.712710333039,6.11733209134786,jug,Pick_Serve,invalid
36,-0.10273693268775501,0.25097147412858495,0.6215370678324129,0.7349490561569029,6.11733209134786,183.712710333039,6.11733209134786,jug,Pick_Clean,valid
37,-0.10273693268775501,0.25097147412858495,0.6215370678324129,0.7349490561569029,6.11733209134786,183.712710333039,6.11733209134786,jug,Pour,invalid
38,-0.10273693268775501,0.25097147412858495,0.6215370678324129,0.7349490561569029,6.11733209134786,183.712710333039,6.11733209134786,jug,Push,valid
39,-0.10273693268775501,0.25097147412858495,0.6215370678324129,0.7349490561569029,6.11733209134786,183.712710333039,6.11733209134786,jug,Pull,valid
40,0.6425889497242661,-0.6454274112901689,0.282298037223275,0.301348165130337,-34.012700076852695,219.01575010776799,-34.012700076852695,jug,Pick_Serve,invalid
41,0.6425889497242661,-0.6454274112901689,0.282298037223275,0.301348165130337,-34.012700076852695,219.01575010776799,-34.012700076852695,jug,Pick_Clean,valid
42,0.6425889497242661,-0.6454274112901689,0.282298037223275,0.301348165130337,-34.012700076852695,219.01575010776799,-34.012700076852695,jug,Pour,invalid
43,0.6425889497242661,-0.6454274112901689,0.282298037223275,0.301348165130337,-34.012700076852695,219.01575010776799,-34.012700076852695,jug,Push,valid
44,0.6425889497242661,-0.6454274112901689,0.282298037223275,0.301348165130337,-34.012700076852695,219.01575010776799,-34.012700076852695,jug,Pull,valid
45,0.69212983628354,-0.555260093960156,0.37242480820463597,0.271923298036812,12.7348823450807,229.59096805736303,12.7348823450807,jug,Pick_Serve,invalid
46,0.69212983628354,-0.555260093960156,0.37242480820463597,0.271923298036812,12.7348823450807,229.59096805736303,12.7348823450807,jug,Pick_Clean,valid
47,0.69212983628354,-0.555260093960156,0.37242480820463597,0.271923298036812,12.7348823450807,229.59096805736303,12.7348823450807,jug,Pour,invalid
48,0.69212983628354,-0.555260093960156,0.37242480820463597,0.271923298036812,12.7348823450807,229.59096805736303,12.7348823450807,jug,Push,valid
49,0.69212983628354,-0.555260093960156,0.37242480820463597,0.271923298036812,12.7348823450807,229.59096805736303,12.7348823450807,jug,Pull,valid
50,0.861298707841038,-0.5036906683068479,0.060464203821419,0.028360652111666003,-30.187231890921396,211.492161106364,-30.187231890921396,jug,Pick_Serve,invalid
51,0.861298707841038,-0.5036906683068479,0.060464203821419,0.028360652111666003,-30.187231890921396,211.492161106364,-30.187231890921396,jug,Pick_Clean,valid
52,0.861298707841038,-0.5036906683068479,0.060464203821419,0.028360652111666003,-30.187231890921396,211.492161106364,-30.187231890921396,jug,Pour,invalid
53,0.861298707841038,-0.5036906683068479,0.060464203821419,0.028360652111666003,-30.187231890921396,211.492161106364,-30.187231890921396,jug,Push,valid
54,0.861298707841038,-0.5036906683068479,0.060464203821419,0.028360652111666003,-30.187231890921396,211.492161106364,-30.187231890921396,jug,Pull,valid
55,0.71808565773654,-0.6746283530164671,0.022641400430299,0.16946073423045002,9.74631887216779,200.43354465726003,9.74631887216779,jug,Pick_Serve,invalid
56,0.71808565773654,-0.6746283530164671,0.022641400430299,0.16946073423045002,9.74631887216779,200.43354465726003,9.74631887216779,jug,Pick_Clean,valid
57,0.71808565773654,-0.6746283530164671,0.022641400430299,0.16946073423045002,9.74631887216779,200.43354465726003,9.74631887216779,jug,Pour,invalid
58,0.71808565773654,-0.6746283530164671,0.022641400430299,0.16946073423045002,9.74631887216779,200.43354465726003,9.74631887216779,jug,Push,valid
59,0.71808565773654,-0.6746283530164671,0.022641400430299,0.16946073423045002,9.74631887216779,200.43354465726003,9.74631887216779,jug,Pull,valid
60,-0.43319922164563,0.526477096221323,0.43076787212167406,0.591269263422129,41.5791837091885,185.82085323840698,41.5791837091885,jug,Pick_Serve,invalid
61,-0.43319922164563,0.526477096221323,0.43076787212167406,0.591269263422129,41.5791837091885,185.82085323840698,41.5791837091885,jug,Pick_Clean,valid
62,-0.43319922164563,0.526477096221323,0.43076787212167406,0.591269263422129,41.5791837091885,185.82085323840698,41.5791837091885,jug,Pour,invalid
63,-0.43319922164563,0.526477096221323,0.43076787212167406,0.591269263422129,41.5791837091885,185.82085323840698,41.5791837091885,jug,Push,valid
64,-0.43319922164563,0.526477096221323,0.43076787212167406,0.591269263422129,41.5791837091885,185.82085323840698,41.5791837091885,jug,Pull,valid
65,0.8355398256182779,-0.5315049069866721,0.12838655190663198,-0.053783147401306,7.99486862673616,174.36829818407398,7.99486862673616,jug,Pick_Serve,invalid
66,0.8355398256182779,-0.5315049069866721,0.12838655190663198,-0.053783147401306,7.99486862673616,174.36829818407398,7.99486862673616,jug,Pick_Clean,valid
67,0.8355398256182779,-0.5315049069866721,0.12838655190663198,-0.053783147401306,7.99486862673616,174.36829818407398,7.99486862673616,jug,Pour,invalid
68,0.8355398256182779,-0.5315049069866721,0.12838655190663198,-0.053783147401306,7.99486862673616,174.36829818407398,7.99486862673616,jug,Push,valid
69,0.8355398256182779,-0.5315049069866721,0.12838655190663198,-0.053783147401306,7.99486862673616,174.36829818407398,7.99486862673616,jug,Pull,valid
70,0.813641118600322,-0.434659820221814,-0.25675352583597,-0.288334177263731,3.7276117471675496,198.52343557365398,3.7276117471675496,jug,Pick_Serve,invalid
71,0.813641118600322,-0.434659820221814,-0.25675352583597,-0.288334177263731,3.7276117471675496,198.52343557365398,3.7276117471675496,jug,Pick_Clean,valid
72,0.813641118600322,-0.434659820221814,-0.25675352583597,-0.288334177263731,3.7276117471675496,198.52343557365398,3.7276117471675496,jug,Pour,invalid
73,0.813641118600322,-0.434659820221814,-0.25675352583597,-0.288334177263731,3.7276117471675496,198.52343557365398,3.7276117471675496,jug,Push,valid
74,0.813641118600322,-0.434659820221814,-0.25675352583597,-0.288334177263731,3.7276117471675496,198.52343557365398,3.7276117471675496,jug,Pull,valid
75,0.876656880950558,-0.4786748977970561,0.040303840996978,0.026807754510709998,-35.62000497319521,158.861218475318,-35.62000497319521,jug,Pick_Serve,invalid
76,0.876656880950558,-0.4786748977970561,0.040303840996978,0.026807754510709998,-35.62000497319521,158.861218475318,-35.62000497319521,jug,Pick_Clean,valid
77,0.876656880950558,-0.4786748977970561,0.040303840996978,0.026807754510709998,-35.62000497319521,158.861218475318,-35.62000497319521,jug,Pour,invalid
78,0.876656880950558,-0.4786748977970561,0.040303840996978,0.026807754510709998,-35.62000497319521,158.861218475318,-35.62000497319521,jug,Push,valid
79,0.876656880950558,-0.4786748977970561,0.040303840996978,0.026807754510709998,-35.62000497319521,158.861218475318,-35.62000497319521,jug,Pull,valid
80,0.646334224426309,-0.7263068842469309,-0.009563833747865,0.233749680887052,-104.211918536198,194.637314554234,-104.211918536198,jug,Pick_Serve,invalid
81,0.646334224426309,-0.7263068842469309,-0.009563833747865,0.233749680887052,-104.211918536198,194.637314554234,-104.211918536198,jug,Pick_Clean,valid
82,0.646334224426309,-0.7263068842469309,-0.009563833747865,0.233749680887052,-104.211918536198,194.637314554234,-104.211918536198,jug,Pour,invalid
83,0.646334224426309,-0.7263068842469309,-0.009563833747865,0.233749680887052,-104.211918536198,194.637314554234,-104.211918536198,jug,Push,valid
84,0.646334224426309,-0.7263068842469309,-0.009563833747865,0.233749680887052,-104.211918536198,194.637314554234,-104.211918536198,jug,Pull,valid
85,0.753983809036555,-0.46714566109096795,-0.19963983293245396,-0.416446015878781,43.9349760818905,204.09282847331298,43.9349760818905,jug,Pick_Serve,invalid
86,0.753983809036555,-0.46714566109096795,-0.19963983293245396,-0.416446015878781,43.9349760818905,204.09282847331298,43.9349760818905,jug,Pick_Clean,valid
87,0.753983809036555,-0.46714566109096795,-0.19963983293245396,-0.416446015878781,43.9349760818905,204.09282847331298,43.9349760818905,jug,Pour,invalid
88,0.753983809036555,-0.46714566109096795,-0.19963983293245396,-0.416446015878781,43.9349760818905,204.09282847331298,43.9349760818905,jug,Push,valid
89,0.753983809036555,-0.46714566109096795,-0.19963983293245396,-0.416446015878781,43.9349760818905,204.09282847331298,43.9349760818905,jug,Pull,valid
90,0.7475447217951908,-0.569494229543244,0.326614557274349,0.10087686756426,30.5393927464729,174.959001283754,30.5393927464729,jug,Pick_Serve,invalid
91,0.7475447217951908,-0.569494229543244,0.326614557274349,0.10087686756426,30.5393927464729,174.959001283754,30.5393927464729,jug,Pick_Clean,valid
92,0.7475447217951908,-0.569494229543244,0.326614557274349,0.10087686756426,30.5393927464729,174.959001283754,30.5393927464729,jug,Pour,invalid
93,0.7475447217951908,-0.569494229543244,0.326614557274349,0.10087686756426,30.5393927464729,174.959001283754,30.5393927464729,jug,Push,valid
94,0.7475447217951908,-0.569494229543244,0.326614557274349,0.10087686756426,30.5393927464729,174.959001283754,30.5393927464729,jug,Pull,valid
95,0.90512095965654,-0.375856432306591,0.184926405553116,-0.07273386565684199,113.83524195186399,173.309007662911,113.83524195186399,jug,Pick_Serve,invalid
96,0.90512095965654,-0.375856432306591,0.184926405553116,-0.07273386565684199,113.83524195186399,173.309007662911,113.83524195186399,jug,Pick_Clean,valid
97,0.90512095965654,-0.375856432306591,0.184926405553116,-0.07273386565684199,113.83524195186399,173.309007662911,113.83524195186399,jug,Pour,invalid
98,0.90512095965654,-0.375856432306591,0.184926405553116,-0.07273386565684199,113.83524195186399,173.309007662911,113.83524195186399,jug,Push,valid
99,0.90512095965654,-0.375856432306591,0.184926405553116,-0.07273386565684199,113.83524195186399,173.309007662911,113.83524195186399,jug,Pull,valid
0,0.464905138,0.560308505,0.464446532,-0.504189459,-124.4244873,97.48537976,-124.4244873,mixblend,Pick_Serve,valid
1,0.464905138,0.560308505,0.464446532,-0.504189459,-124.4244873,97.48537976,-124.4244873,mixblend,Pick_Clean,valid
2,0.464905138,0.560308505,0.464446532,-0.504189459,-124.4244873,97.48537976,-124.4244873,mixblend,Pour,valid
3,0.464905138,0.560308505,0.464446532,-0.504189459,-124.4244873,97.48537976,-124.4244873,mixblend,Push,valid
4,0.464905138,0.560308505,0.464446532,-0.504189459,-124.4244873,97.48537976,-124.4244873,mixblend,Pull,valid
5,-0.075760854,-0.22967469899999998,-0.231946197,0.942184052,-178.4593802,192.301385,-178.4593802,mixblend,Pick_Serve,valid
6,-0.075760854,-0.22967469899999998,-0.231946197,0.942184052,-178.4593802,192.301385,-178.4593802,mixblend,Pick_Clean,valid
7,-0.075760854,-0.22967469899999998,-0.231946197,0.942184052,-178.4593802,192.301385,-178.4593802,mixblend,Pour,valid
8,-0.075760854,-0.22967469899999998,-0.231946197,0.942184052,-178.4593802,192.301385,-178.4593802,mixblend,Push,valid
9,-0.075760854,-0.22967469899999998,-0.231946197,0.942184052,-178.4593802,192.301385,-178.4593802,mixblend,Pull,valid
10,-0.081622859,-0.44930063200000003,-0.205117463,0.8656751570000001,-243.7311304,211.28910359999998,-243.7311304,mixblend,Pick_Serve,valid
11,-0.081622859,-0.44930063200000003,-0.205117463,0.8656751570000001,-243.7311304,211.28910359999998,-243.7311304,mixblend,Pick_Clean,valid
12,-0.081622859,-0.44930063200000003,-0.205117463,0.8656751570000001,-243.7311304,211.28910359999998,-243.7311304,mixblend,Pour,valid
13,-0.081622859,-0.44930063200000003,-0.205117463,0.8656751570000001,-243.7311304,211.28910359999998,-243.7311304,mixblend,Push,valid
14,-0.081622859,-0.44930063200000003,-0.205117463,0.8656751570000001,-243.7311304,211.28910359999998,-243.7311304,mixblend,Pull,valid
15,0.989245211,-0.031174697999999997,0.132315706,-0.053987081,68.84635456,238.86776940000001,68.84635456,mixblend,Pick_Serve,invalid
16,0.989245211,-0.031174697999999997,0.132315706,-0.053987081,68.84635456,238.86776940000001,68.84635456,mixblend,Pick_Clean,invalid
17,0.989245211,-0.031174697999999997,0.132315706,-0.053987081,68.84635456,238.86776940000001,68.84635456,mixblend,Pour,invalid
18,0.989245211,-0.031174697999999997,0.132315706,-0.053987081,68.84635456,238.86776940000001,68.84635456,mixblend,Push,valid
19,0.989245211,-0.031174697999999997,0.132315706,-0.053987081,68.84635456,238.86776940000001,68.84635456,mixblend,Pull,invalid
20,0.96877309,0.133713999,-0.006149907,-0.20871379,-19.34057173,156.4045429,-19.34057173,mixblend,Pick_Serve,invalid
21,0.96877309,0.133713999,-0.006149907,-0.20871379,-19.34057173,156.4045429,-19.34057173,mixblend,Pick_Clean,invalid
22,0.96877309,0.133713999,-0.006149907,-0.20871379,-19.34057173,156.4045429,-19.34057173,mixblend,Pour,invalid
23,0.96877309,0.133713999,-0.006149907,-0.20871379,-19.34057173,156.4045429,-19.34057173,mixblend,Push,valid
24,0.96877309,0.133713999,-0.006149907,-0.20871379,-19.34057173,156.4045429,-19.34057173,mixblend,Pull,invalid
25,0.772291495,0.456554829,0.10002959,-0.43025296799999996,9.127042865,177.5218961,9.127042865,mixblend,Pick_Serve,invalid
26,0.772291495,0.456554829,0.10002959,-0.43025296799999996,9.127042865,177.5218961,9.127042865,mixblend,Pick_Clean,invalid
27,0.772291495,0.456554829,0.10002959,-0.43025296799999996,9.127042865,177.5218961,9.127042865,mixblend,Pour,invalid
28,0.772291495,0.456554829,0.10002959,-0.43025296799999996,9.127042865,177.5218961,9.127042865,mixblend,Push,invalid
29,0.772291495,0.456554829,0.10002959,-0.43025296799999996,9.127042865,177.5218961,9.127042865,mixblend,Pull,invalid
30,0.9973250920000001,0.067967398,0.00892547,0.025365897000000002,13.58521202,75.82687659999999,13.58521202,mixblend,Pick_Serve,invalid
31,0.9973250920000001,0.067967398,0.00892547,0.025365897000000002,13.58521202,75.82687659999999,13.58521202,mixblend,Pick_Clean,invalid
32,0.9973250920000001,0.067967398,0.00892547,0.025365897000000002,13.58521202,75.82687659999999,13.58521202,mixblend,Pour,invalid
33,0.9973250920000001,0.067967398,0.00892547,0.025365897000000002,13.58521202,75.82687659999999,13.58521202,mixblend,Push,valid
34,0.9973250920000001,0.067967398,0.00892547,0.025365897000000002,13.58521202,75.82687659999999,13.58521202,mixblend,Pull,invalid
35,-0.24093107600000002,0.023190722999999996,0.45007697399999996,0.859561007,1.648372265,206.4278323,1.648372265,mixblend,Pick_Serve,invalid
36,-0.24093107600000002,0.023190722999999996,0.45007697399999996,0.859561007,1.648372265,206.4278323,1.648372265,mixblend,Pick_Clean,invalid
37,-0.24093107600000002,0.023190722999999996,0.45007697399999996,0.859561007,1.648372265,206.4278323,1.648372265,mixblend,Pour,invalid
38,-0.24093107600000002,0.023190722999999996,0.45007697399999996,0.859561007,1.648372265,206.4278323,1.648372265,mixblend,Push,valid
39,-0.24093107600000002,0.023190722999999996,0.45007697399999996,0.859561007,1.648372265,206.4278323,1.648372265,mixblend,Pull,invalid
40,0.939514787,0.13846324599999998,0.179098177,-0.257028672,101.1620033,52.25565904,101.1620033,mixblend,Pick_Serve,invalid
41,0.939514787,0.13846324599999998,0.179098177,-0.257028672,101.1620033,52.25565904,101.1620033,mixblend,Pick_Clean,invalid
42,0.939514787,0.13846324599999998,0.179098177,-0.257028672,101.1620033,52.25565904,101.1620033,mixblend,Pour,invalid
43,0.939514787,0.13846324599999998,0.179098177,-0.257028672,101.1620033,52.25565904,101.1620033,mixblend,Push,valid
44,0.939514787,0.13846324599999998,0.179098177,-0.257028672,101.1620033,52.25565904,101.1620033,mixblend,Pull,invalid
45,0.61701174,0.056532106,-0.163389705,-0.7677267990000001,-158.9753462,92.98276547,-158.9753462,mixblend,Pick_Serve,invalid
46,0.61701174,0.056532106,-0.163389705,-0.7677267990000001,-158.9753462,92.98276547,-158.9753462,mixblend,Pick_Clean,invalid
47,0.61701174,0.056532106,-0.163389705,-0.7677267990000001,-158.9753462,92.98276547,-158.9753462,mixblend,Pour,invalid
48,0.61701174,0.056532106,-0.163389705,-0.7677267990000001,-158.9753462,92.98276547,-158.9753462,mixblend,Push,valid
49,0.61701174,0.056532106,-0.163389705,-0.7677267990000001,-158.9753462,92.98276547,-158.9753462,mixblend,Pull,invalid
50,0.992593257,0.08909065599999999,-0.082213535,0.007900362,-148.859716,241.7330736,-148.859716,mixblend,Pick_Serve,invalid
51,0.992593257,0.08909065599999999,-0.082213535,0.007900362,-148.859716,241.7330736,-148.859716,mixblend,Pick_Clean,invalid
52,0.992593257,0.08909065599999999,-0.082213535,0.007900362,-148.859716,241.7330736,-148.859716,mixblend,Pour,invalid
53,0.992593257,0.08909065599999999,-0.082213535,0.007900362,-148.859716,241.7330736,-148.859716,mixblend,Push,invalid
54,0.992593257,0.08909065599999999,-0.082213535,0.007900362,-148.859716,241.7330736,-148.859716,mixblend,Pull,invalid
55,0.96432507,-0.201048442,0.128074446,0.115124361,71.0865457,139.9020784,71.0865457,mixblend,Pick_Serve,invalid
56,0.96432507,-0.201048442,0.128074446,0.115124361,71.0865457,139.9020784,71.0865457,mixblend,Pick_Clean,invalid
57,0.96432507,-0.201048442,0.128074446,0.115124361,71.0865457,139.9020784,71.0865457,mixblend,Pour,invalid
58,0.96432507,-0.201048442,0.128074446,0.115124361,71.0865457,139.9020784,71.0865457,mixblend,Push,valid
59,0.96432507,-0.201048442,0.128074446,0.115124361,71.0865457,139.9020784,71.0865457,mixblend,Pull,invalid
60,0.704039412,-0.013131843,-0.004850977,-0.710022907,8.128364592999999,59.06738911,8.128364592999999,mixblend,Pick_Serve,invalid
61,0.704039412,-0.013131843,-0.004850977,-0.710022907,8.128364592999999,59.06738911,8.128364592999999,mixblend,Pick_Clean,invalid
62,0.704039412,-0.013131843,-0.004850977,-0.710022907,8.128364592999999,59.06738911,8.128364592999999,mixblend,Pour,invalid
63,0.704039412,-0.013131843,-0.004850977,-0.710022907,8.128364592999999,59.06738911,8.128364592999999,mixblend,Push,valid
64,0.704039412,-0.013131843,-0.004850977,-0.710022907,8.128364592999999,59.06738911,8.128364592999999,mixblend,Pull,invalid
65,0.048662823,0.034800773,0.17700528899999998,0.982389924,35.87769887,173.23074119999998,35.87769887,mixblend,Pick_Serve,invalid
66,0.048662823,0.034800773,0.17700528899999998,0.982389924,35.87769887,173.23074119999998,35.87769887,mixblend,Pick_Clean,invalid
67,0.048662823,0.034800773,0.17700528899999998,0.982389924,35.87769887,173.23074119999998,35.87769887,mixblend,Pour,invalid
68,0.048662823,0.034800773,0.17700528899999998,0.982389924,35.87769887,173.23074119999998,35.87769887,mixblend,Push,valid
69,0.048662823,0.034800773,0.17700528899999998,0.982389924,35.87769887,173.23074119999998,35.87769887,mixblend,Pull,invalid
70,0.849748817,-0.312148265,0.331878561,-0.26523014300000003,216.2982762,143.1477131,216.2982762,mixblend,Pick_Serve,invalid
71,0.849748817,-0.312148265,0.331878561,-0.26523014300000003,216.2982762,143.1477131,216.2982762,mixblend,Pick_Clean,invalid
72,0.849748817,-0.312148265,0.331878561,-0.26523014300000003,216.2982762,143.1477131,216.2982762,mixblend,Pour,invalid
73,0.849748817,-0.312148265,0.331878561,-0.26523014300000003,216.2982762,143.1477131,216.2982762,mixblend,Push,invalid
74,0.849748817,-0.312148265,0.331878561,-0.26523014300000003,216.2982762,143.1477131,216.2982762,mixblend,Pull,invalid
75,0.9000334940000001,0.30206657,0.29751290199999997,-0.10090376699999999,169.5995139,47.98245827,169.5995139,mixblend,Pick_Serve,invalid
76,0.9000334940000001,0.30206657,0.29751290199999997,-0.10090376699999999,169.5995139,47.98245827,169.5995139,mixblend,Pick_Clean,invalid
77,0.9000334940000001,0.30206657,0.29751290199999997,-0.10090376699999999,169.5995139,47.98245827,169.5995139,mixblend,Pour,invalid
78,0.9000334940000001,0.30206657,0.29751290199999997,-0.10090376699999999,169.5995139,47.98245827,169.5995139,mixblend,Push,invalid
79,0.9000334940000001,0.30206657,0.29751290199999997,-0.10090376699999999,169.5995139,47.98245827,169.5995139,mixblend,Pull,invalid
80,0.966309689,0.11230371,-0.19843439899999998,-0.119403732,-112.06254229999999,99.34454897,-112.06254229999999,mixblend,Pick_Serve,invalid
81,0.966309689,0.11230371,-0.19843439899999998,-0.119403732,-112.06254229999999,99.34454897,-112.06254229999999,mixblend,Pick_Clean,invalid
82,0.966309689,0.11230371,-0.19843439899999998,-0.119403732,-112.06254229999999,99.34454897,-112.06254229999999,mixblend,Pour,invalid
83,0.966309689,0.11230371,-0.19843439899999998,-0.119403732,-112.06254229999999,99.34454897,-112.06254229999999,mixblend,Push,valid
84,0.966309689,0.11230371,-0.19843439899999998,-0.119403732,-112.06254229999999,99.34454897,-112.06254229999999,mixblend,Pull,invalid
85,0.886238878,-0.075284596,0.407082765,-0.20783768600000002,211.67322369999997,180.41091569999998,211.67322369999997,mixblend,Pick_Serve,invalid
86,0.886238878,-0.075284596,0.407082765,-0.20783768600000002,211.67322369999997,180.41091569999998,211.67322369999997,mixblend,Pick_Clean,invalid
87,0.886238878,-0.075284596,0.407082765,-0.20783768600000002,211.67322369999997,180.41091569999998,211.67322369999997,mixblend,Pour,invalid
88,0.886238878,-0.075284596,0.407082765,-0.20783768600000002,211.67322369999997,180.41091569999998,211.67322369999997,mixblend,Push,invalid
89,0.886238878,-0.075284596,0.407082765,-0.20783768600000002,211.67322369999997,180.41091569999998,211.67322369999997,mixblend,Pull,invalid
90,-0.06034831,-0.007560523,-0.080347214,0.994909667,121.634974,45.77881534,121.634974,mixblend,Pick_Serve,invalid
91,-0.06034831,-0.007560523,-0.080347214,0.994909667,121.634974,45.77881534,121.634974,mixblend,Pick_Clean,invalid
92,-0.06034831,-0.007560523,-0.080347214,0.994909667,121.634974,45.77881534,121.634974,mixblend,Pour,invalid
93,-0.06034831,-0.007560523,-0.080347214,0.994909667,121.634974,45.77881534,121.634974,mixblend,Push,invalid
94,-0.06034831,-0.007560523,-0.080347214,0.994909667,121.634974,45.77881534,121.634974,mixblend,Pull,invalid
0,0.99108002014165,-0.09206772082807099,0.088908845735825,0.037136849724687004,29.1189531311026,139.415219746906,29.1189531311026,bottle,Pick_Serve,valid
1,0.99108002014165,-0.09206772082807099,0.088908845735825,0.037136849724687004,29.1189531311026,139.415219746906,29.1189531311026,bottle,Pick_Clean,valid
2,0.99108002014165,-0.09206772082807099,0.088908845735825,0.037136849724687004,29.1189531311026,139.415219746906,29.1189531311026,bottle,Pour,invalid
3,0.99108002014165,-0.09206772082807099,0.088908845735825,0.037136849724687004,29.1189531311026,139.415219746906,29.1189531311026,bottle,Push,valid
4,0.99108002014165,-0.09206772082807099,0.088908845735825,0.037136849724687004,29.1189531311026,139.415219746906,29.1189531311026,bottle,Pull,valid
5,0.934581667718898,-0.275052792360852,-0.224352767166079,-0.023851701054282002,-77.84572725882309,218.933737863554,-77.84572725882309,bottle,Pick_Serve,valid
6,0.934581667718898,-0.275052792360852,-0.224352767166079,-0.023851701054282002,-77.84572725882309,218.933737863554,-77.84572725882309,bottle,Pick_Clean,valid
7,0.934581667718898,-0.275052792360852,-0.224352767166079,-0.023851701054282002,-77.84572725882309,218.933737863554,-77.84572725882309,bottle,Pour,invalid
8,0.934581667718898,-0.275052792360852,-0.224352767166079,-0.023851701054282002,-77.84572725882309,218.933737863554,-77.84572725882309,bottle,Push,valid
9,0.934581667718898,-0.275052792360852,-0.224352767166079,-0.023851701054282002,-77.84572725882309,218.933737863554,-77.84572725882309,bottle,Pull,valid
10,0.830244190700838,0.270817925272111,-0.463069447245391,0.15138996725895099,-132.35364231628,8.53078413732749,-132.35364231628,bottle,Pick_Serve,valid
11,0.830244190700838,0.270817925272111,-0.463069447245391,0.15138996725895099,-132.35364231628,8.53078413732749,-132.35364231628,bottle,Pick_Clean,valid
12,0.830244190700838,0.270817925272111,-0.463069447245391,0.15138996725895099,-132.35364231628,8.53078413732749,-132.35364231628,bottle,Pour,invalid
13,0.830244190700838,0.270817925272111,-0.463069447245391,0.15138996725895099,-132.35364231628,8.53078413732749,-132.35364231628,bottle,Push,valid
14,0.830244190700838,0.270817925272111,-0.463069447245391,0.15138996725895099,-132.35364231628,8.53078413732749,-132.35364231628,bottle,Pull,valid
15,0.896182400943775,-0.14786549921397799,-0.38469246073058294,-0.16433079150877,-119.258389300479,183.211584223534,-119.258389300479,bottle,Pick_Serve,invalid
16,0.896182400943775,-0.14786549921397799,-0.38469246073058294,-0.16433079150877,-119.258389300479,183.211584223534,-119.258389300479,bottle,Pick_Clean,valid
17,0.896182400943775,-0.14786549921397799,-0.38469246073058294,-0.16433079150877,-119.258389300479,183.211584223534,-119.258389300479,bottle,Pour,invalid
18,0.896182400943775,-0.14786549921397799,-0.38469246073058294,-0.16433079150877,-119.258389300479,183.211584223534,-119.258389300479,bottle,Push,valid
19,0.896182400943775,-0.14786549921397799,-0.38469246073058294,-0.16433079150877,-119.258389300479,183.211584223534,-119.258389300479,bottle,Pull,invalid
20,0.945269824862269,-0.290529536682382,-0.12674434474836302,-0.077417166018152,-39.3619297227914,248.454480863355,-39.3619297227914,bottle,Pick_Serve,invalid
21,0.945269824862269,-0.290529536682382,-0.12674434474836302,-0.077417166018152,-39.3619297227914,248.454480863355,-39.3619297227914,bottle,Pick_Clean,invalid
22,0.945269824862269,-0.290529536682382,-0.12674434474836302,-0.077417166018152,-39.3619297227914,248.454480863355,-39.3619297227914,bottle,Pour,invalid
23,0.945269824862269,-0.290529536682382,-0.12674434474836302,-0.077417166018152,-39.3619297227914,248.454480863355,-39.3619297227914,bottle,Push,invalid
24,0.945269824862269,-0.290529536682382,-0.12674434474836302,-0.077417166018152,-39.3619297227914,248.454480863355,-39.3619297227914,bottle,Pull,invalid
25,0.969283403895278,-0.18160781248965302,0.152624037795323,0.064916781058184,47.6020270733327,191.12775695326198,47.6020270733327,bottle,Pick_Serve,invalid
26,0.969283403895278,-0.18160781248965302,0.152624037795323,0.064916781058184,47.6020270733327,191.12775695326198,47.6020270733327,bottle,Pick_Clean,valid
27,0.969283403895278,-0.18160781248965302,0.152624037795323,0.064916781058184,47.6020270733327,191.12775695326198,47.6020270733327,bottle,Pour,invalid
28,0.969283403895278,-0.18160781248965302,0.152624037795323,0.064916781058184,47.6020270733327,191.12775695326198,47.6020270733327,bottle,Push,invalid
29,0.969283403895278,-0.18160781248965302,0.152624037795323,0.064916781058184,47.6020270733327,191.12775695326198,47.6020270733327,bottle,Pull,invalid
30,0.970013279631437,-0.19125100594977598,-0.14942438577510098,0.013024707198079999,-60.5022249228967,196.744447645597,-60.5022249228967,bottle,Pick_Serve,invalid
31,0.970013279631437,-0.19125100594977598,-0.14942438577510098,0.013024707198079999,-60.5022249228967,196.744447645597,-60.5022249228967,bottle,Pick_Clean,invalid
32,0.970013279631437,-0.19125100594977598,-0.14942438577510098,0.013024707198079999,-60.5022249228967,196.744447645597,-60.5022249228967,bottle,Pour,invalid
33,0.970013279631437,-0.19125100594977598,-0.14942438577510098,0.013024707198079999,-60.5022249228967,196.744447645597,-60.5022249228967,bottle,Push,invalid
34,0.970013279631437,-0.19125100594977598,-0.14942438577510098,0.013024707198079999,-60.5022249228967,196.744447645597,-60.5022249228967,bottle,Pull,valid
35,0.528924181897957,0.233540976139212,-0.7540095412360859,0.311716913228117,-123.295067046922,4.27224760562206,-123.295067046922,bottle,Pick_Serve,invalid
36,0.528924181897957,0.233540976139212,-0.7540095412360859,0.311716913228117,-123.295067046922,4.27224760562206,-123.295067046922,bottle,Pick_Clean,valid
37,0.528924181897957,0.233540976139212,-0.7540095412360859,0.311716913228117,-123.295067046922,4.27224760562206,-123.295067046922,bottle,Pour,invalid
38,0.528924181897957,0.233540976139212,-0.7540095412360859,0.311716913228117,-123.295067046922,4.27224760562206,-123.295067046922,bottle,Push,valid
39,0.528924181897957,0.233540976139212,-0.7540095412360859,0.311716913228117,-123.295067046922,4.27224760562206,-123.295067046922,bottle,Pull,valid
40,0.533181553757889,0.091523330994334,-0.8290193683250869,0.14166085400666598,-162.287110142024,68.7855977914747,-162.287110142024,bottle,Pick_Serve,valid
41,0.533181553757889,0.091523330994334,-0.8290193683250869,0.14166085400666598,-162.287110142024,68.7855977914747,-162.287110142024,bottle,Pick_Clean,valid
42,0.533181553757889,0.091523330994334,-0.8290193683250869,0.14166085400666598,-162.287110142024,68.7855977914747,-162.287110142024,bottle,Pour,invalid
43,0.533181553757889,0.091523330994334,-0.8290193683250869,0.14166085400666598,-162.287110142024,68.7855977914747,-162.287110142024,bottle,Push,invalid
44,0.533181553757889,0.091523330994334,-0.8290193683250869,0.14166085400666598,-162.287110142024,68.7855977914747,-162.287110142024,bottle,Pull,valid
45,0.8921025250116071,-0.21252444677430898,-0.393152537176181,-0.066464478506335,-129.811789535482,217.507586766785,-129.811789535482,bottle,Pick_Serve,valid
46,0.8921025250116071,-0.21252444677430898,-0.393152537176181,-0.066464478506335,-129.811789535482,217.507586766785,-129.811789535482,bottle,Pick_Clean,valid
47,0.8921025250116071,-0.21252444677430898,-0.393152537176181,-0.066464478506335,-129.811789535482,217.507586766785,-129.811789535482,bottle,Pour,invalid
48,0.8921025250116071,-0.21252444677430898,-0.393152537176181,-0.066464478506335,-129.811789535482,217.507586766785,-129.811789535482,bottle,Push,valid
49,0.8921025250116071,-0.21252444677430898,-0.393152537176181,-0.066464478506335,-129.811789535482,217.507586766785,-129.811789535482,bottle,Pull,valid
50,0.7574175015351591,0.293620283043731,-0.5660792645649529,0.140214564090745,-143.534564248477,29.598850958309697,-143.534564248477,bottle,Pick_Serve,invalid
51,0.7574175015351591,0.293620283043731,-0.5660792645649529,0.140214564090745,-143.534564248477,29.598850958309697,-143.534564248477,bottle,Pick_Clean,invalid
52,0.7574175015351591,0.293620283043731,-0.5660792645649529,0.140214564090745,-143.534564248477,29.598850958309697,-143.534564248477,bottle,Pour,invalid
53,0.7574175015351591,0.293620283043731,-0.5660792645649529,0.140214564090745,-143.534564248477,29.598850958309697,-143.534564248477,bottle,Push,valid
54,0.7574175015351591,0.293620283043731,-0.5660792645649529,0.140214564090745,-143.534564248477,29.598850958309697,-143.534564248477,bottle,Pull,valid
55,0.606705684008355,0.158384374855795,-0.7235390318491021,0.28864142492781,-152.71548186543302,43.7342731218489,-152.71548186543302,bottle,Pick_Serve,invalid
56,0.606705684008355,0.158384374855795,-0.7235390318491021,0.28864142492781,-152.71548186543302,43.7342731218489,-152.71548186543302,bottle,Pick_Clean,invalid
57,0.606705684008355,0.158384374855795,-0.7235390318491021,0.28864142492781,-152.71548186543302,43.7342731218489,-152.71548186543302,bottle,Pour,invalid
58,0.606705684008355,0.158384374855795,-0.7235390318491021,0.28864142492781,-152.71548186543302,43.7342731218489,-152.71548186543302,bottle,Push,invalid
59,0.606705684008355,0.158384374855795,-0.7235390318491021,0.28864142492781,-152.71548186543302,43.7342731218489,-152.71548186543302,bottle,Pull,invalid
60,0.524707536904714,0.126988664794352,-0.784074382676951,0.306240497254842,-138.761319104043,36.830191531104795,-138.761319104043,bottle,Pick_Serve,invalid
61,0.524707536904714,0.126988664794352,-0.784074382676951,0.306240497254842,-138.761319104043,36.830191531104795,-138.761319104043,bottle,Pick_Clean,invalid
62,0.524707536904714,0.126988664794352,-0.784074382676951,0.306240497254842,-138.761319104043,36.830191531104795,-138.761319104043,bottle,Pour,invalid
63,0.524707536904714,0.126988664794352,-0.784074382676951,0.306240497254842,-138.761319104043,36.830191531104795,-138.761319104043,bottle,Push,invalid
64,0.524707536904714,0.126988664794352,-0.784074382676951,0.306240497254842,-138.761319104043,36.830191531104795,-138.761319104043,bottle,Pull,invalid
65,0.8095231729041851,0.25501939364328896,-0.4981208887682,0.17751879215938698,-131.585441859723,51.339207353215706,-131.585441859723,bottle,Pick_Serve,invalid
66,0.8095231729041851,0.25501939364328896,-0.4981208887682,0.17751879215938698,-131.585441859723,51.339207353215706,-131.585441859723,bottle,Pick_Clean,invalid
67,0.8095231729041851,0.25501939364328896,-0.4981208887682,0.17751879215938698,-131.585441859723,51.339207353215706,-131.585441859723,bottle,Pour,invalid
68,0.8095231729041851,0.25501939364328896,-0.4981208887682,0.17751879215938698,-131.585441859723,51.339207353215706,-131.585441859723,bottle,Push,invalid
69,0.8095231729041851,0.25501939364328896,-0.4981208887682,0.17751879215938698,-131.585441859723,51.339207353215706,-131.585441859723,bottle,Pull,invalid
70,0.907559362543874,-0.219786278893796,-0.35027231418583105,-0.07307052062135902,-117.648110070765,248.03217544702002,-117.648110070765,bottle,Pick_Serve,invalid
71,0.907559362543874,-0.219786278893796,-0.35027231418583105,-0.07307052062135902,-117.648110070765,248.03217544702002,-117.648110070765,bottle,Pick_Clean,valid
72,0.907559362543874,-0.219786278893796,-0.35027231418583105,-0.07307052062135902,-117.648110070765,248.03217544702002,-117.648110070765,bottle,Pour,invalid
73,0.907559362543874,-0.219786278893796,-0.35027231418583105,-0.07307052062135902,-117.648110070765,248.03217544702002,-117.648110070765,bottle,Push,invalid
74,0.907559362543874,-0.219786278893796,-0.35027231418583105,-0.07307052062135902,-117.648110070765,248.03217544702002,-117.648110070765,bottle,Pull,invalid
75,0.795889145958729,0.088585890151294,-0.575502113740375,0.165862366109817,-170.028572109122,94.7400786184507,-170.028572109122,bottle,Pick_Serve,invalid
76,0.795889145958729,0.088585890151294,-0.575502113740375,0.165862366109817,-170.028572109122,94.7400786184507,-170.028572109122,bottle,Pick_Clean,valid
77,0.795889145958729,0.088585890151294,-0.575502113740375,0.165862366109817,-170.028572109122,94.7400786184507,-170.028572109122,bottle,Pour,invalid
78,0.795889145958729,0.088585890151294,-0.575502113740375,0.165862366109817,-170.028572109122,94.7400786184507,-170.028572109122,bottle,Push,invalid
79,0.795889145958729,0.088585890151294,-0.575502113740375,0.165862366109817,-170.028572109122,94.7400786184507,-170.028572109122,bottle,Pull,invalid
80,0.024631903768116,-0.022015284076734,-0.10210984834761501,0.9942244090014108,-7.724834539240231,112.912548390173,-7.724834539240231,bottle,Pick_Serve,invalid
81,0.024631903768116,-0.022015284076734,-0.10210984834761501,0.9942244090014108,-7.724834539240231,112.912548390173,-7.724834539240231,bottle,Pick_Clean,valid
82,0.024631903768116,-0.022015284076734,-0.10210984834761501,0.9942244090014108,-7.724834539240231,112.912548390173,-7.724834539240231,bottle,Pour,invalid
83,0.024631903768116,-0.022015284076734,-0.10210984834761501,0.9942244090014108,-7.724834539240231,112.912548390173,-7.724834539240231,bottle,Push,valid
84,0.024631903768116,-0.022015284076734,-0.10210984834761501,0.9942244090014108,-7.724834539240231,112.912548390173,-7.724834539240231,bottle,Pull,valid
85,0.9945116872425901,-0.030650951211253,-0.021842952566939,0.097621250508789,-12.2549487534574,164.367351805992,-12.2549487534574,bottle,Pick_Serve,invalid
86,0.9945116872425901,-0.030650951211253,-0.021842952566939,0.097621250508789,-12.2549487534574,164.367351805992,-12.2549487534574,bottle,Pick_Clean,invalid
87,0.9945116872425901,-0.030650951211253,-0.021842952566939,0.097621250508789,-12.2549487534574,164.367351805992,-12.2549487534574,bottle,Pour,invalid
88,0.9945116872425901,-0.030650951211253,-0.021842952566939,0.097621250508789,-12.2549487534574,164.367351805992,-12.2549487534574,bottle,Push,invalid
89,0.9945116872425901,-0.030650951211253,-0.021842952566939,0.097621250508789,-12.2549487534574,164.367351805992,-12.2549487534574,bottle,Pull,invalid
90,0.86716839826582,0.070678698736768,-0.483299843066798,0.0971841153974,-151.413790257068,94.1497893795775,-151.413790257068,bottle,Pick_Serve,valid
91,0.86716839826582,0.070678698736768,-0.483299843066798,0.0971841153974,-151.413790257068,94.1497893795775,-151.413790257068,bottle,Pick_Clean,valid
92,0.86716839826582,0.070678698736768,-0.483299843066798,0.0971841153974,-151.413790257068,94.1497893795775,-151.413790257068,bottle,Pour,invalid
93,0.86716839826582,0.070678698736768,-0.483299843066798,0.0971841153974,-151.413790257068,94.1497893795775,-151.413790257068,bottle,Push,valid
94,0.86716839826582,0.070678698736768,-0.483299843066798,0.0971841153974,-151.413790257068,94.1497893795775,-151.413790257068,bottle,Pull,valid
0,-0.20301509934482298,0.8002577307166759,0.28970741853591403,-0.48419215763110207,-184.699410555577,139.594066440746,-184.699410555577,can,Pick_Serve,invalid
1,-0.20301509934482298,0.8002577307166759,0.28970741853591403,-0.48419215763110207,-184.699410555577,139.594066440746,-184.699410555577,can,Pick_Clean,invalid
2,-0.20301509934482298,0.8002577307166759,0.28970741853591403,-0.48419215763110207,-184.699410555577,139.594066440746,-184.699410555577,can,Pour,invalid
3,-0.20301509934482298,0.8002577307166759,0.28970741853591403,-0.48419215763110207,-184.699410555577,139.594066440746,-184.699410555577,can,Push,invalid
4,-0.20301509934482298,0.8002577307166759,0.28970741853591403,-0.48419215763110207,-184.699410555577,139.594066440746,-184.699410555577,can,Pull,invalid
5,0.332023301990536,-0.42823173232705,-0.10783591127327499,0.833516362528856,-125.527635884613,150.97903115687902,-125.527635884613,can,Pick_Serve,invalid
6,0.332023301990536,-0.42823173232705,-0.10783591127327499,0.833516362528856,-125.527635884613,150.97903115687902,-125.527635884613,can,Pick_Clean,invalid
7,0.332023301990536,-0.42823173232705,-0.10783591127327499,0.833516362528856,-125.527635884613,150.97903115687902,-125.527635884613,can,Pour,invalid
8,0.332023301990536,-0.42823173232705,-0.10783591127327499,0.833516362528856,-125.527635884613,150.97903115687902,-125.527635884613,can,Push,invalid
9,0.332023301990536,-0.42823173232705,-0.10783591127327499,0.833516362528856,-125.527635884613,150.97903115687902,-125.527635884613,can,Pull,invalid
10,-0.23350165789905605,0.8873186909847159,-0.341005377410606,0.20459190835566,137.37507005267,180.30040564160802,137.37507005267,can,Pick_Serve,invalid
11,-0.23350165789905605,0.8873186909847159,-0.341005377410606,0.20459190835566,137.37507005267,180.30040564160802,137.37507005267,can,Pick_Clean,invalid
12,-0.23350165789905605,0.8873186909847159,-0.341005377410606,0.20459190835566,137.37507005267,180.30040564160802,137.37507005267,can,Pour,invalid
13,-0.23350165789905605,0.8873186909847159,-0.341005377410606,0.20459190835566,137.37507005267,180.30040564160802,137.37507005267,can,Push,invalid
14,-0.23350165789905605,0.8873186909847159,-0.341005377410606,0.20459190835566,137.37507005267,180.30040564160802,137.37507005267,can,Pull,invalid
15,-0.291668697454532,0.8773227061779579,-0.349328291546629,0.15232854254824602,126.52761475161999,205.07778657816502,126.52761475161999,can,Pick_Serve,invalid
16,-0.291668697454532,0.8773227061779579,-0.349328291546629,0.15232854254824602,126.52761475161999,205.07778657816502,126.52761475161999,can,Pick_Clean,invalid
17,-0.291668697454532,0.8773227061779579,-0.349328291546629,0.15232854254824602,126.52761475161999,205.07778657816502,126.52761475161999,can,Pour,invalid
18,-0.291668697454532,0.8773227061779579,-0.349328291546629,0.15232854254824602,126.52761475161999,205.07778657816502,126.52761475161999,can,Push,invalid
19,-0.291668697454532,0.8773227061779579,-0.349328291546629,0.15232854254824602,126.52761475161999,205.07778657816502,126.52761475161999,can,Pull,invalid
20,-0.16684235706921302,0.911430848615056,-0.37141264544111496,0.059245952493472,83.25504229181041,177.66283969743,83.25504229181041,can,Pick_Serve,invalid
21,-0.16684235706921302,0.911430848615056,-0.37141264544111496,0.059245952493472,83.25504229181041,177.66283969743,83.25504229181041,can,Pick_Clean,invalid
22,-0.16684235706921302,0.911430848615056,-0.37141264544111496,0.059245952493472,83.25504229181041,177.66283969743,83.25504229181041,can,Pour,invalid
23,-0.16684235706921302,0.911430848615056,-0.37141264544111496,0.059245952493472,83.25504229181041,177.66283969743,83.25504229181041,can,Push,invalid
24,-0.16684235706921302,0.911430848615056,-0.37141264544111496,0.059245952493472,83.25504229181041,177.66283969743,83.25504229181041,can,Pull,invalid
25,-0.10906931421004198,0.9064454180846729,-0.405600939486309,-0.044141438794807,41.155785854319895,171.036678381364,41.155785854319895,can,Pick_Serve,invalid
26,-0.10906931421004198,0.9064454180846729,-0.405600939486309,-0.044141438794807,41.155785854319895,171.036678381364,41.155785854319895,can,Pick_Clean,invalid
27,-0.10906931421004198,0.9064454180846729,-0.405600939486309,-0.044141438794807,41.155785854319895,171.036678381364,41.155785854319895,can,Pour,invalid
28,-0.10906931421004198,0.9064454180846729,-0.405600939486309,-0.044141438794807,41.155785854319895,171.036678381364,41.155785854319895,can,Push,invalid
29,-0.10906931421004198,0.9064454180846729,-0.405600939486309,-0.044141438794807,41.155785854319895,171.036678381364,41.155785854319895,can,Pull,invalid
30,-0.066324083231562,0.9390234792564909,-0.333304481753599,0.052384576274800004,66.2204435761095,148.088846358044,66.2204435761095,can,Pick_Serve,invalid
31,-0.066324083231562,0.9390234792564909,-0.333304481753599,0.052384576274800004,66.2204435761095,148.088846358044,66.2204435761095,can,Pick_Clean,invalid
32,-0.066324083231562,0.9390234792564909,-0.333304481753599,0.052384576274800004,66.2204435761095,148.088846358044,66.2204435761095,can,Pour,invalid
33,-0.066324083231562,0.9390234792564909,-0.333304481753599,0.052384576274800004,66.2204435761095,148.088846358044,66.2204435761095,can,Push,invalid
34,-0.066324083231562,0.9390234792564909,-0.333304481753599,0.052384576274800004,66.2204435761095,148.088846358044,66.2204435761095,can,Pull,invalid
35,-0.282677029091214,0.8542225239275729,-0.436260763081717,0.008609496752341999,88.2045457026845,216.32593317283298,88.2045457026845,can,Pick_Serve,invalid
36,-0.282677029091214,0.8542225239275729,-0.436260763081717,0.008609496752341999,88.2045457026845,216.32593317283298,88.2045457026845,can,Pick_Clean,invalid
37,-0.282677029091214,0.8542225239275729,-0.436260763081717,0.008609496752341999,88.2045457026845,216.32593317283298,88.2045457026845,can,Pour,invalid
38,-0.282677029091214,0.8542225239275729,-0.436260763081717,0.008609496752341999,88.2045457026845,216.32593317283298,88.2045457026845,can,Push,invalid
39,-0.282677029091214,0.8542225239275729,-0.436260763081717,0.008609496752341999,88.2045457026845,216.32593317283298,88.2045457026845,can,Pull,invalid
40,-0.37657338802171,0.84063128947997,-0.357211725303825,0.15469745274747598,139.782377556675,225.68321888029598,139.782377556675,can,Pick_Serve,invalid
41,-0.37657338802171,0.84063128947997,-0.357211725303825,0.15469745274747598,139.782377556675,225.68321888029598,139.782377556675,can,Pick_Clean,invalid
42,-0.37657338802171,0.84063128947997,-0.357211725303825,0.15469745274747598,139.782377556675,225.68321888029598,139.782377556675,can,Pour,invalid
43,-0.37657338802171,0.84063128947997,-0.357211725303825,0.15469745274747598,139.782377556675,225.68321888029598,139.782377556675,can,Push,invalid
44,-0.37657338802171,0.84063128947997,-0.357211725303825,0.15469745274747598,139.782377556675,225.68321888029598,139.782377556675,can,Pull,invalid
45,-0.377172991175475,0.726868662391731,0.17571617457506303,-0.5463756110527861,-189.95032251360598,198.091386136707,-189.95032251360598,can,Pick_Serve,invalid
46,-0.377172991175475,0.726868662391731,0.17571617457506303,-0.5463756110527861,-189.95032251360598,198.091386136707,-189.95032251360598,can,Pick_Clean,invalid
47,-0.377172991175475,0.726868662391731,0.17571617457506303,-0.5463756110527861,-189.95032251360598,198.091386136707,-189.95032251360598,can,Pour,invalid
48,-0.377172991175475,0.726868662391731,0.17571617457506303,-0.5463756110527861,-189.95032251360598,198.091386136707,-189.95032251360598,can,Push,invalid
49,-0.377172991175475,0.726868662391731,0.17571617457506303,-0.5463756110527861,-189.95032251360598,198.091386136707,-189.95032251360598,can,Pull,invalid
50,-0.18834777630687,0.8571149910078091,0.34250355630955304,-0.335515009001458,-158.369638478303,147.067164744586,-158.369638478303,can,Pick_Serve,invalid
51,-0.18834777630687,0.8571149910078091,0.34250355630955304,-0.335515009001458,-158.369638478303,147.067164744586,-158.369638478303,can,Pick_Clean,invalid
52,-0.18834777630687,0.8571149910078091,0.34250355630955304,-0.335515009001458,-158.369638478303,147.067164744586,-158.369638478303,can,Pour,invalid
53,-0.18834777630687,0.8571149910078091,0.34250355630955304,-0.335515009001458,-158.369638478303,147.067164744586,-158.369638478303,can,Push,invalid
54,-0.18834777630687,0.8571149910078091,0.34250355630955304,-0.335515009001458,-158.369638478303,147.067164744586,-158.369638478303,can,Pull,invalid
55,0.9174158944066421,-0.20199177216681302,-0.046654128799682996,0.33966276353600106,-82.7862542910448,194.720824545799,-82.7862542910448,can,Pick_Serve,invalid
56,0.9174158944066421,-0.20199177216681302,-0.046654128799682996,0.33966276353600106,-82.7862542910448,194.720824545799,-82.7862542910448,can,Pick_Clean,invalid
57,0.9174158944066421,-0.20199177216681302,-0.046654128799682996,0.33966276353600106,-82.7862542910448,194.720824545799,-82.7862542910448,can,Pour,invalid
58,0.9174158944066421,-0.20199177216681302,-0.046654128799682996,0.33966276353600106,-82.7862542910448,194.720824545799,-82.7862542910448,can,Push,invalid
59,0.9174158944066421,-0.20199177216681302,-0.046654128799682996,0.33966276353600106,-82.7862542910448,194.720824545799,-82.7862542910448,can,Pull,invalid
60,-0.42054675303798295,0.803620097475073,-0.372018054794053,0.197326466422047,161.627313941782,226.663531212943,161.627313941782,can,Pick_Serve,invalid
61,-0.42054675303798295,0.803620097475073,-0.372018054794053,0.197326466422047,161.627313941782,226.663531212943,161.627313941782,can,Pick_Clean,invalid
62,-0.42054675303798295,0.803620097475073,-0.372018054794053,0.197326466422047,161.627313941782,226.663531212943,161.627313941782,can,Pour,invalid
63,-0.42054675303798295,0.803620097475073,-0.372018054794053,0.197326466422047,161.627313941782,226.663531212943,161.627313941782,can,Push,invalid
64,-0.42054675303798295,0.803620097475073,-0.372018054794053,0.197326466422047,161.627313941782,226.663531212943,161.627313941782,can,Pull,invalid
65,-0.027380890605675,0.926308054785767,-0.371965940094601,-0.05333867150751401,25.4108279990206,148.702662837368,25.4108279990206,can,Pick_Serve,invalid
66,-0.027380890605675,0.926308054785767,-0.371965940094601,-0.05333867150751401,25.4108279990206,148.702662837368,25.4108279990206,can,Pick_Clean,invalid
67,-0.027380890605675,0.926308054785767,-0.371965940094601,-0.05333867150751401,25.4108279990206,148.702662837368,25.4108279990206,can,Pour,invalid
68,-0.027380890605675,0.926308054785767,-0.371965940094601,-0.05333867150751401,25.4108279990206,148.702662837368,25.4108279990206,can,Push,invalid
69,-0.027380890605675,0.926308054785767,-0.371965940094601,-0.05333867150751401,25.4108279990206,148.702662837368,25.4108279990206,can,Pull,invalid
70,0.5731706789151569,-0.697629215236051,0.37818707937895096,-0.204360915715033,175.697899269384,248.350433455812,175.697899269384,can,Pick_Serve,invalid
71,0.5731706789151569,-0.697629215236051,0.37818707937895096,-0.204360915715033,175.697899269384,248.350433455812,175.697899269384,can,Pick_Clean,invalid
72,0.5731706789151569,-0.697629215236051,0.37818707937895096,-0.204360915715033,175.697899269384,248.350433455812,175.697899269384,can,Pour,invalid
73,0.5731706789151569,-0.697629215236051,0.37818707937895096,-0.204360915715033,175.697899269384,248.350433455812,175.697899269384,can,Push,valid
74,0.5731706789151569,-0.697629215236051,0.37818707937895096,-0.204360915715033,175.697899269384,248.350433455812,175.697899269384,can,Pull,invalid
75,-0.375587124577823,0.8542635160094691,-0.357328611920932,0.038528173706528,103.238551084371,247.973183479283,103.238551084371,can,Pick_Serve,invalid
76,-0.375587124577823,0.8542635160094691,-0.357328611920932,0.038528173706528,103.238551084371,247.973183479283,103.238551084371,can,Pick_Clean,invalid
77,-0.375587124577823,0.8542635160094691,-0.357328611920932,0.038528173706528,103.238551084371,247.973183479283,103.238551084371,can,Pour,invalid
78,-0.375587124577823,0.8542635160094691,-0.357328611920932,0.038528173706528,103.238551084371,247.973183479283,103.238551084371,can,Push,invalid
79,-0.375587124577823,0.8542635160094691,-0.357328611920932,0.038528173706528,103.238551084371,247.973183479283,103.238551084371,can,Pull,invalid
80,-0.46836665716736703,0.768086432681005,-0.3644751716983449,0.24048649775131697,179.373188935919,227.571108564376,179.373188935919,can,Pick_Serve,invalid
81,-0.46836665716736703,0.768086432681005,-0.3644751716983449,0.24048649775131697,179.373188935919,227.571108564376,179.373188935919,can,Pick_Clean,invalid
82,-0.46836665716736703,0.768086432681005,-0.3644751716983449,0.24048649775131697,179.373188935919,227.571108564376,179.373188935919,can,Pour,invalid
83,-0.46836665716736703,0.768086432681005,-0.3644751716983449,0.24048649775131697,179.373188935919,227.571108564376,179.373188935919,can,Push,invalid
84,-0.46836665716736703,0.768086432681005,-0.3644751716983449,0.24048649775131697,179.373188935919,227.571108564376,179.373188935919,can,Pull,invalid
85,-0.35430702670588704,0.7273317361204029,0.271613591765391,-0.521230403206888,-210.370736261217,171.32132753287502,-210.370736261217,can,Pick_Serve,invalid
86,-0.35430702670588704,0.7273317361204029,0.271613591765391,-0.521230403206888,-210.370736261217,171.32132753287502,-210.370736261217,can,Pick_Clean,invalid
87,-0.35430702670588704,0.7273317361204029,0.271613591765391,-0.521230403206888,-210.370736261217,171.32132753287502,-210.370736261217,can,Pour,invalid
88,-0.35430702670588704,0.7273317361204029,0.271613591765391,-0.521230403206888,-210.370736261217,171.32132753287502,-210.370736261217,can,Push,invalid
89,-0.35430702670588704,0.7273317361204029,0.271613591765391,-0.521230403206888,-210.370736261217,171.32132753287502,-210.370736261217,can,Pull,invalid
90,0.9196888105452808,0.08631818387115499,0.001960432715639,0.383037621643826,-21.0401893319142,102.102245643522,-21.0401893319142,can,Pick_Serve,invalid
91,0.9196888105452808,0.08631818387115499,0.001960432715639,0.383037621643826,-21.0401893319142,102.102245643522,-21.0401893319142,can,Pick_Clean,invalid
92,0.9196888105452808,0.08631818387115499,0.001960432715639,0.383037621643826,-21.0401893319142,102.102245643522,-21.0401893319142,can,Pour,invalid
93,0.9196888105452808,0.08631818387115499,0.001960432715639,0.383037621643826,-21.0401893319142,102.102245643522,-21.0401893319142,can,Push,invalid
94,0.9196888105452808,0.08631818387115499,0.001960432715639,0.383037621643826,-21.0401893319142,102.102245643522,-21.0401893319142,can,Pull,invalid
95,-0.36886563895331703,0.696697240100562,0.283326701518466,-0.5461474857970929,-194.24400155227298,160.85692085851602,-194.24400155227298,can,Pick_Serve,invalid
96,-0.36886563895331703,0.696697240100562,0.283326701518466,-0.5461474857970929,-194.24400155227298,160.85692085851602,-194.24400155227298,can,Pick_Clean,invalid
97,-0.36886563895331703,0.696697240100562,0.283326701518466,-0.5461474857970929,-194.24400155227298,160.85692085851602,-194.24400155227298,can,Pour,invalid
98,-0.36886563895331703,0.696697240100562,0.283326701518466,-0.5461474857970929,-194.24400155227298,160.85692085851602,-194.24400155227298,can,Push,invalid
99,-0.36886563895331703,0.696697240100562,0.283326701518466,-0.5461474857970929,-194.24400155227298,160.85692085851602,-194.24400155227298,can,Pull,invalid
